<?xml version="1.0" encoding="UTF-8"?>
<propertyTemplate
        xmlns:xsi="http://www.w3.org/2001/XMLSchema-instance"
        xsi:noNamespaceSchemaLocation="http://www.managedpay.net/schemas/template.xsd">
        
        <labels>
	<!-- Label overrides for this template -->
	<locale name="en">
      <label name="processCode" value="CAPEX"/>
	</locale>
	</labels>

	<section name="doc" collapsible="false" collapsed="false">
		<properties>
			<valueAlias row="1" col="1" name="processInformation.queueName" readonly="true" styleClass="twohundred"/>
			<output row="2" col="1-2" name="processInformation.previousComment" readonly="true" styleClass="comment" escapeXml="false"/>
		</properties>
		<actions>
			<getNext name="next" readonly="true" showLabel="false" visible="false" toLeft="true"/>
			<button name="forward" command="forward" readonly="false" type="submit" isAnchored="false"/>
			<rejectButton name="reject" readonly="false" isAnchored="false" hotKey="r"/>
		</actions>
	</section>
	
	<section name="invoice" visible="true" collapsible="false" collapsed="false">
		<properties>
		<dropDown row="1" col="1" name="type" choiceList="choice.invoiceTypes" readonly="true" validation="required" onChange="reloadPage(this)"/>
		<dropDown row="1" col="2" name="subType" choiceList="choice.invoiceSubTypes-NONPO" readonly="true" validation="required" onChange="reloadPage(this)"/>
		<text row="2" col="1" name="number" readonly="true" validation="required, noSpecialCharacters"/>
        <date row="2" col="2" name="date" readonly="true" validation="required" styleClass="date"/>
		</properties>
		<actions>
			<iconAction name="statusWindow" icon="/images/ico_status.gif" width="16" height="16" link="javascript:openStatusWindow('$seqId$', '$contextPath$');return false;" alwaysActive="true"/>
			<button name="update" command="update" readonly="false" visible="true" type="submit" hotKey="s"/>
			<button name="release" command="release" readonly="false" visible="true" type="submit"/>
		</actions>
	</section>
	
		
	<section name="sourceInformation" visible="true" collapsible="true" collapsed="false">
		<properties>
			<date row="1" col="1" name="scanDate" readonly="true" styleClass="date"/>
			<text row="1" col="2" name="scanType" readonly="true"/>
			<text row="2" col="1" name="scanSource" readonly="true"/>
			<text row="2" col="2" name="batchNumber" readonly="true"/>
		</properties>
	</section>

	<hiddenFields>
		<hidden name="postingERPId" defaultValue="JDA"/>
		<hidden name="vendorERPId" defaultValue="JDA"/>
        <hidden name="newBatchNumber"/>
        <hidden name="paymentTermERPId" defaultValue="JDA"/>
        <hidden name="vendor.status" defaultValue="V"/>
		<hidden name="alternateVendor"/>
		<hidden name="costObjectTypeId1" defaultValue="COS1"/>
		<hidden name="uploadRef" defaultValue="0"/>
		<hidden name="processInformation.comment"/>
    </hiddenFields>

	<processors>
		<processor name="com.miriasystems.processors.ScanVendorNameProcessor"/>
		<processor name="com.miriasystems.processors.NetAmountProcessor"/>
		<processor name="com.miriasystems.processors.TotalLineAmountProcessor"/>
		<processor name="com.cabelas.processors.DueDateProcessor"/>
    </processors>
</propertyTemplate>
