<?xml version="1.0" encoding="UTF-8"?>
<propertyTemplate
        xmlns:xsi="http://www.w3.org/2001/XMLSchema-instance"
        xsi:noNamespaceSchemaLocation="http://www.managedpay.net/schemas/template.xsd">
	<labels>
		<!-- Label overrides for this template -->
		<locale name="en">
            	<label name="forward" value="Complete"/>
            	<label name="tbdString2" value="Employee #"/>
            	<label name="tbdString3" value="Employee Name"/>
            	<label name="date" value="Expense Date"/>
            	<label name="tbdBoolean1" value="Save As Draft"/>
               	<label name="vendor.address1" value="Address"/>
            	<label name="vendor.address2" value="Location"/>
            	<label name="vendor.address3" value="Dept"/>
            	<label name="date" value="Report Date"/>
            	<label name="voucherComments" value="Business Reason"/>
				<label name="originatorName" value="Submitter"/>
				<label name="requesterName" value="Claimant"/>
				<label name="processCode" value="Credit Card"/>
            	<label name="seqId" value="Report #"/>
				<label name="tbdCurrency2" value="Tax"/>
            	</locale>
	</labels>
	
	<section name="Expense Guidelines" collapsible="false" collapsed="false">
		<properties>
					<text row="1" col="1" name="custom1.tbdComment1" labelKey="" defaultValue="Please submit your expense receipts asap following the steps below." forceDefault="true" readonly="true" styleClass="fulllookup"/>
					<barcode row="1" col="2" name=""/>
					<text row="2" col="1-2" name="custom1.tbdComment2" labelKey="" defaultValue="Click on the Print Icon and print a hard copy of this form." forceDefault="true" readonly="true" styleClass="fulllookup"/>
					<text row="3" col="1-2" name="custom1.tbdComment3" labelKey="" defaultValue="Attach your receipts to it, using additonal blank pages if required." forceDefault="true" readonly="true" styleClass="fulllookup"/>
					<text row="4" col="1-2" name="custom1.tbdComment4" labelKey="" defaultValue="Fax your report to 555-555-5555, ensuring the bar code features on the first page." forceDefault="true" readonly="true" styleClass="fulllookup"/>
					<text row="5" col="1-2" name="custom1.tbdComment5" labelKey="" defaultValue="Once you have printed the bar-coded coversheet, you can click Complete to submit your expense report." forceDefault="true" readonly="true" styleClass="fulllookup"/>		
					<text row="6" col="1-2" name="custom1.tbdComment6" labelKey="" defaultValue="You will receive a confirmation e-mail. If you failed to print out the coversheet, print out the e-mail to use as a substitute" forceDefault="true" readonly="true" styleClass="fulllookup"/>		
		</properties>
		<actions>
		    <iconAction name="print" icon="/images/icon_printer.png" width="16" height="16" link="javascript:window.print()" visible="true" alwaysActive="true"/>
			<button name="forward" command="close" readonly="false" type="submit" isAnchored="false"/>
		</actions>
	</section>
	
	<section name="Expense Report" visible="true" collapsible="false" collapsed="false">
		<properties>
			<text row="1" col="1" name="originatorName" readonly="true"/>
			<text row="1" col="2" name="uploadRef" readonly="true"/>
			<lookup row="2" col="1" name="requesterName" lookupType="lookup.requester" readonly="true"/>
			<lookup row="2" col="2" name="processCode" lookupType="lookup.accountCode" readonly="true"/>
			<date row="3" col="1" name="date" readonly="true"/>
			<text row="3" col="2" name="tbdString2" readonly="true" validation="required"/>
			<text row="4" col="1" name="vendor.address1" readonly="true" styleClass="fivehundred"/>
			<text row="4" col="2" name="vendor.city" readonly="true" />
			<text row="5" col="1" name="vendor.state" readonly="true" styleClass="twohundred"/>
			<text row="5" col="2" name="vendor.postalCode" readonly="true"/>
			<textArea row="6" col="1-2" name="voucherComments" readonly="true" styleClass="comment"/>
		</properties>
	</section>
	
	<section name="lineItems" visible="true" collapsible="false" collapsed="false">
			<lineItemProperties showTotal="true">
			<dropDown row="1" col="1" name="tbdString1" labelKey="Type" choiceList="choice.expenseLineTypes" styleClass="sixty"/>
			<dropDown row="1" col="2" name="tbdString4" choiceList="choice.expenseTypes" labelKey="Expense Category" readonly="true" validation="required" styleClass="onehundred"/>
			<text row="1" col="3" name="tbdString2" labelKey="City, ST" readonly="true" styleClass="onehundred"/> 
			<date row="1" col="4" name="tbdDate1" labelKey="Expense Date" readonly="true" validation="required" showTime="false" styleClass="date"/>
			<date row="1" col="5" name="tbdDate2" labelKey="End Date" readonly="true" validation="required" showTime="false" styleClass="date"/>
			<text row="1" col="6" name="tbdString3" labelKey="Business Name" readonly="true" styleClass="onehundred"/> 
			<!--text row="1" col="7" name="itemDescription" labelKey="Description" readonly="true" validation="required" styleClass="twohundred"/-->
			<text row="1" col="7" name="tbdQuantity1" labelKey="Miles" readonly="true" styleClass="fifty"/>
			<currency row="1" col="8" name="tbdCurrency2" readonly="true" styleClass="currency" />
			<currency row="1" col="9" name="lineTotal" readonly="true" validation="required, nonZero" styleClass="currency" />
			<lookup row="1" col="10" name="accountCode" lookupType="lookup.accountCode" readonly="true" styleClass="onehundred" validation="required"/>
			<textArea row="2" col="1-6" name="itemDescription" labelKey="Description" readonly="true" validation="required" styleClass="comment"/>
			<text row="2" col="7" name="tbdQuantity2" labelKey="Rate" readonly="true"  styleClass="onehundred"/>
			<text row="2" col="8" name="itemCode" labelKey="Currency" readonly="true" styleClass="fifty"/>
			<currency row="2" col="9" name="tbdCurrency1" labelKey="Currency Amt" readonly="true" styleClass="currency" />
			<text row="2" col="10" name="account.description" readonly="true" styleClass="fulllookup"/>
			<lineItemHidden row="0" col="0" name="accountERPId"/>
			<lineItemHidden row="0" col="0" name="companyCode"/>
			<lineItemHidden row="0" col="0" name="costObjectTypeId1" defaultValue="CC" />
			<lineItemHidden row="0" col="0" name="account.type" defaultValue="E" />
			</lineItemProperties>
	</section>
	
	
	<hiddenFields>
	    <!--hidden name="requesterId"/-->
	    <hidden name="type" defaultValue='EXP'/>
	    <hidden name="postingERPId" defaultValue="ERP1"/>
	    <hidden name="vendorERPId" defaultValue="ERP1"/>
		<hidden name="requester.userName"/>
		<hidden name="processInformation.comment"/>
		<hidden name="requesterId"/>
		<hidden name="originatorId"/>
		<hidden name="uploadRef"/>
    </hiddenFields>

</propertyTemplate>
