<?xml version="1.0" encoding="UTF-8"?>
<view name="upload-view" template="expense-tpl.xml"
      xmlns:xsi="http://www.w3.org/2001/XMLSchema-instance"
      xsi:noNamespaceSchemaLocation="http://www.managedpay.net/schemas/view.xsd">

    <action-overrides>
		<iconAction name="editRouting" readonly="false"/>
		<button name="addLineItem" readonly="true" visible="false"/>
		<button name="removeLineItem" readonly="true" visible="false"/>
	</action-overrides>
	
	<hidden-overrides>
		<hidden name="processInformation.response" defaultValue="Complete"/>
	</hidden-overrides>

	<documentRejection>
		<rejectionReasons>
			<reason name="Reject" commentsRequired="true" note="message.terminate">
			</reason>
		</rejectionReasons>
	</documentRejection>
    
</view>
