<?xml version="1.0" encoding="UTF-8"?>
<view name="upload-view" template="expense-tpl.xml"
      xmlns:xsi="http://www.w3.org/2001/XMLSchema-instance"
      xsi:noNamespaceSchemaLocation="http://www.managedpay.net/schemas/view.xsd">

    <action-overrides>
		<iconAction name="editRouting" readonly="false"/>
		<button name="release" visible="false"/>
		<button name="addLineItem" readonly="true" visible="false"/>
		<button name="removeLineItem" readonly="true" visible="false"/>
	</action-overrides>
	
	<hidden-overrides>
		<hidden name="processInformation.response" defaultValue="Complete"/>
	</hidden-overrides>
	
	 <validations>
     	<validation  name="validation.check.originator.approver.document"/>
		<validation name="validation.check.requester.approver.document"/>
    </validations>

	<documentRejection>
		<rejectionReasons>
			<reason name="Return to Requester" commentsRequired="true" note="message.returnSubmitter">
				<subReason name="Excessive Meal Spend\Over Daily Limit"/>
				<subReason name="Non reimbursable purchases"/>
				<subReason name="Incorrect GL"/>
				<subReason name="Invalid explanation of business purpose for travel"/>
				<subReason name="Missing receipts"/>
			</reason>
			<reason name="Hold" commentsRequired="true" note="message.rematchHold">
			</reason>
		</rejectionReasons>
	</documentRejection>
    
</view>
