<?xml version="1.0" encoding="UTF-8"?>
<view name="upload-view" template="expense-tpl.xml"
      xmlns:xsi="http://www.w3.org/2001/XMLSchema-instance"
      xsi:noNamespaceSchemaLocation="http://www.managedpay.net/schemas/view.xsd">

    <action-overrides>
		<iconAction name="editRouting" readonly="false"/>
		<button name="release" visible="false"/>
	</action-overrides>
	
	<property-overrides>
	<text name="originatorName" readonly="false"/>
	<text name="uploadRef" readonly="false"/>
	<lookup name="requesterName" readonly="false"/>
	<lookup name="processCode" readonly="false"/>
	<date name="date" readonly="false"/>
	<text name="tbdString2" readonly="false"/>
	<text name="vendor.address1" readonly="false"/>
	<text name="vendor.city" readonly="false" />
	<text name="vendor.state" readonly="false"/>
	<text name="vendor.postalCode" readonly="false"/>
	<textArea name="voucherComments" readonly="false"/>
	</property-overrides>
	
	<lineItem-overrides>
		<dropDown name="tbdString1" readonly="false"/>
		<dropDown name="tbdString4" readonly="false"/>
		<text name="tbdString2" readonly="false"/> 
		<date name="tbdDate1" readonly="false"/>
		<date name="tbdDate2" readonly="false"/>
		<text name="tbdString3" readonly="false"/> 
		<text name="tbdQuantity1" readonly="false"/>
		<currency name="tbdCurrency2" readonly="false"/>
		<currency name="lineTotal" readonly="false" />
		<lookup name="accountCode" readonly="false"/>
		<textArea name="itemDescription" readonly="false"/>
		<text name="tbdQuantity2" readonly="false"/>
		<text name="itemCode" readonly="false"/>
		<currency name="tbdCurrency1" readonly="false"/>
		<text name="account.description" readonly="false"/>	 
	</lineItem-overrides>
	
	
	
	<hidden-overrides>
		<hidden name="processInformation.response" defaultValue="Complete"/>
	</hidden-overrides>

	<documentRejection>
		<rejectionReasons>
			<reason name="Terminate" commentsRequired="false" note="message.terminate">r
			</reason>
		</rejectionReasons>
	</documentRejection>
	
	 <validations>
     	<validation  name="validation.check.originator.approver.document"/>
		<validation name="validation.check.requester.approver.document"/>
    </validations>
    
</view>
