<?xml version="1.0" encoding="UTF-8"?>
<propertyTemplate
        xmlns:xsi="http://www.w3.org/2001/XMLSchema-instance"
        xsi:noNamespaceSchemaLocation="http://www.managedpay.net/schemas/template.xsd">
	<labels>
		<!-- Label overrides for this template -->
		<locale name="en">
            	<label name="forward" value="Complete"/>
            	<label name="tbdString2" value="Employee #"/>
            	<label name="tbdString3" value="Employee Name"/>
            	<label name="date" value="Expense Date"/>
            	<label name="tbdBoolean1" value="Save As Draft"/>
               	<label name="vendor.address1" value="Address"/>
            	<label name="vendor.address2" value="Location"/>
            	<label name="vendor.address3" value="Dept"/>
            	<label name="date" value="Report Date"/>
            	<label name="voucherComments" value="Business Reason"/>
				<label name="originatorName" value="Submitter"/>
				<label name="requesterName" value="Claimant"/>
				<label name="processCode" value="Credit Card"/>
            	<label name="seqId" value="Report #"/>
				<label name="tbdCurrency2" value="Tax"/>
        </locale>
	</labels>
	
	<section name="doc" collapsible="false" collapsed="false">
		<properties>
			<valueAlias row="1" col="1" name="processInformation.queueName" readonly="true" styleClass="twohundred"/>
			<text row="1" col="2" name="originatorName" readonly="true"/>
			<output row="2" col="1-2" name="processInformation.previousComment" readonly="true" styleClass="comment" escapeXml="false"/>
			<text row="3" col="1-2" name="processInformation.failReason" readonly="true" styleClass="fulllookup"/>
		</properties>
		<actions>
			<rejectButton name="reject" readonly="false" isAnchored="false" hotKey="r"/>
			<button name="forward" command="forward" readonly="false" type="submit" isAnchored="false"/>
		</actions>
	</section>
	
	<section name="Expense Report" visible="true" collapsible="false" collapsed="false">
		<properties>
			<text row="1" col="1" name="originatorName" readonly="true"/>
			<text row="1" col="2" name="uploadRef" readonly="true"/>
			<lookup row="2" col="1" name="requesterName" lookupType="lookup.requester" readonly="true"/>
			<lookup row="2" col="2" name="processCode" lookupType="lookup.accountCode" readonly="true"/>
			<date row="3" col="1" name="date" readonly="true"/>
			<text row="3" col="2" name="tbdString2" readonly="true" validation="required"/>
			<text row="4" col="1" name="vendor.address1" readonly="true" styleClass="fivehundred"/>
			<text row="4" col="2" name="vendor.city" readonly="true" />
			<text row="5" col="1" name="vendor.state" readonly="true" styleClass="twohundred"/>
			<text row="5" col="2" name="vendor.postalCode" readonly="true"/>
			<textArea row="6" col="1-2" name="voucherComments" readonly="true" styleClass="comment"/>
		</properties>
		<actions>
			<postingReplyAction name="postings" icon="/images/ico_mp.gif" width="16" height="16" link="javascript:openPostingReplyWindow('$contextPath$', '$wobNumber$')" visible="true"/>
			<iconAction name="editRouting" icon="/images/ico_routing.gif" width="16" height="16" readOnlyLink="javascript:openViewRoutingWindow('$contextPath$', '$wobNumber$', 'nonPo')" link="javascript:openRoutingWindow('$contextPath$', '$wobNumber$', 'nonPo')" alwaysActive="true" readonly="true"/>			
			<iconAction name="email" icon="/images/ico_email.gif" width="16" height="16" link="javascript:openSendEmailWindow('$contextPath$', '$imageGUID$', '$wobNumber$')" alwaysActive="true"/>
			<iconAction name="attachments" icon="/images/ico_docattach.gif" width="16" height="16" link="javascript:openAttachmentsWindow('$contextPath$', '$wobNumber$')" alwaysActive="true"/>
			<attachmentCountAction name="attachmentCount" visible="true"/>
			<iconAction name="print" icon="/images/ico_print.gif" width="16" height="16" link="javascript:window.print()" visible="false" alwaysActive="true"/>
			<iconAction name="statusWindow" icon="/images/ico_status.gif" width="16" height="16" link="javascript:openStatusWindow('$seqId$', '$contextPath$');return false;" alwaysActive="true"/>
			<iconAction name="help" icon="/images/ico_help.gif" width="16" height="16" link="javascript:openHelp('User_Interfaces/Working_with_Invoices.htm', '$contextPath$')" alwaysActive="true"/>
			<button name="update" command="update" readonly="false" visible="true" type="submit" hotKey="s"/>
			<button name="release" command="release" readonly="false" visible="true" type="submit"/>
		</actions>
	</section>
	
	<section name="lineItems" visible="true" collapsible="false" collapsed="false">
			<lineItemProperties showTotal="true">
			<dropDown row="1" col="1" name="tbdString1" labelKey="Type" choiceList="choice.expenseLineTypes" styleClass="onehundred" readonly="true"/>
			<dropDown row="1" col="2" name="tbdString4" choiceList="choice.expenseTypes" labelKey="Expense Category" readonly="true" validation="required" styleClass="onehundredpercent"/>
			<text row="1" col="3" name="tbdString2" labelKey="City, ST" readonly="true" styleClass="onehundredpercent"/> 
			<date row="1" col="4" name="tbdDate1" labelKey="Expense Date" readonly="true" validation="required" showTime="false" styleClass="date"/>
			<date row="1" col="5" name="tbdDate2" labelKey="End Date" readonly="true" validation="required" showTime="false" styleClass="date"/>
			<text row="1" col="6" name="tbdString3" labelKey="Business Name" readonly="true" styleClass="onehundredpercent"/> 
			<!--text row="1" col="7" name="itemDescription" labelKey="Description" readonly="true" validation="required" styleClass="twohundred"/-->
			<text row="1" col="7" name="tbdQuantity1" labelKey="Miles" readonly="true" styleClass="onehundred"/>
			<currency row="1" col="8" name="tbdCurrency2" readonly="true" styleClass="currency" />
			<currency row="1" col="9" name="lineTotal" readonly="true" validation="required, nonZero" styleClass="currency" />
			<lookup row="1" col="10" name="accountCode" lookupType="lookup.expenseAccount" readonly="true" styleClass="onehundred" validation="required"/>
			<textArea row="2" col="1-6" name="itemDescription" labelKey="Description" readonly="true" validation="required" styleClass="comment"/>
			<text row="2" col="7" name="tbdQuantity2" labelKey="Rate" readonly="true"  styleClass="onehundred"/>
			<text row="2" col="8" name="itemCode" labelKey="Currency Code" readonly="true" styleClass="onehundred"/>
			<currency row="2" col="9" name="tbdCurrency1" labelKey="Currency Amt" readonly="true" styleClass="currency" />
			<text row="2" col="10" name="account.description" readonly="true" styleClass="fulllookup"/>
			<lineItemHidden row="0" col="0" name="accountERPId"/>
			<lineItemHidden row="0" col="0" name="companyCode"/>
			<lineItemHidden row="0" col="0" name="costObjectTypeId1" defaultValue="CC" />
			<lineItemHidden row="0" col="0" name="account.type" defaultValue="E" />
			</lineItemProperties>
			<actions>
				<!-- The following set of actions are standard ManagedPay and should be included relatively unmodified from the baseline version in most templates -->
				<button name="addLineItem" command="addLineItem" type="submit" isAnchored="true" readonly="true" visible="true" allowTabIndex="true"/>
				<button name="removeLineItem" command="deleteLineItem" type="submit" isAnchored="true" readonly="true" visible="true"/>
			</actions>
	</section>
	
	
	<hiddenFields>
	    <!--hidden name="requesterId"/-->
	    <hidden name="type" defaultValue='EXP'/>
	    <hidden name="postingERPId" defaultValue="ERP1"/>
	    <hidden name="vendorERPId" defaultValue="ERP1"/>
		<hidden name="requester.userName"/>
		<hidden name="processInformation.comment"/>
		<hidden name="requesterId" validation="required"/>
		<hidden name="AFENumber" defaultValue="2" forceDefault="true"/>
    </hiddenFields>

    <!--processors>
    	<processor name="com.miriasystems.processors.NetAmountNoDiscountProcessor"/>
		<processor name="com.miriasystems.processors.TotalLineAmountProcessor"/>
		<processor name="com.miriasystems.processors.LineItemTypeProcessor"/>
		<processor name="com.miriasystems.processors.MileageRateProcessor"/>
		<processor name="com.miriasystems.processors.CalculateExpenseProcessor"/>
     </processors-->

</propertyTemplate>
