<?xml version="1.0" encoding="UTF-8"?>
<propertyTemplate
        xmlns:xsi="http://www.w3.org/2001/XMLSchema-instance"
        xsi:noNamespaceSchemaLocation="http://www.managedpay.net/schemas/template.xsd">
	<labels>
		<!-- Label overrides for this template -->
		<locale name="en">
            	<label name="forward" value="Upload"/>
            	<label name="tbdString2" value="Employee #"/>
            	<label name="tbdString3" value="Employee Name"/>
            	<label name="date" value="Expense Date"/>
            	<label name="account.code1" value="Company"/>
		<label name="account.code2" value="Major"/>
		<label name="account.code3" value="Minor"/>
            	<label name="account.code4" value="Location"/>
            	</locale>
	</labels>

	<section name="invoice" visible="true" collapsible="false" collapsed="false">
		<properties>
			<text row="1" col="1" name="tbdString2" readonly="true" validation="required"/>
			<text row="1" col="2" name="tbdString3" readonly="true" validation="required"/>
			<currency row="1" col="3" name="grossAmount" validation="required, nonZero" styleClass="currency"/>
		</properties>
		<actions>
			<button name="forward" command="forward" readonly="false" type="submit" isAnchored="false"/>
		</actions>
	</section>
	
	<section name="lineItems" visible="true" collapsible="false" collapsed="false">
			<lineItemProperties showTotal="true">
			<date row="1" col="1" name="tbdDate1" labelKey="Required By" readonly="false" validation="required" showTime="false"/>
			<text row="1" col="2" name="itemDescription" labelKey="Description" readonly="false" validation="required" styleClass="twohundred"/> 
			<lookup row="1" col="2" name="account.code1" lookupType="lookup.expenseAccountCode" labelKey="Company" readonly="false" validation="required" styleClass="eighty"/>
			<lookup row="1" col="3" name="account.code2" lookupType="lookup.expenseAccountCode" labelKey="Major" readonly="false" validation="required" styleClass="eighty"/>
			<lookup row="1" col="4" name="account.code3" lookupType="lookup.expenseAccountCode" labelKey="Minor" readonly="false" validation="required" styleClass="eighty"/>
			<lookup row="1" col="5" name="account.code4" lookupType="lookup.expenseAccountCode" labelKey="Location" readonly="false" validation="required" styleClass="eighty"/>
			<currency row="1" col="6" name="lineTotal" readonly="false" validation="required, nonZero" styleClass="currency" />
			<lineItemHidden row="0" col="0" name="accountERPId"/>
			<lineItemHidden row="0" col="0" name="companyCode"/>
			<lineItemHidden row="0" col="0" name="costObjectTypeId1" defaultValue="CC" />
			<lineItemHidden row="0" col="0" name="account.type" defaultValue="E" />
			</lineItemProperties>
			<actions>
				<!-- The following set of actions are standard ManagedPay and should be included relatively unmodified from the baseline version in most templates -->
				<button name="addLineItem" command="addLineItem" type="submit" isAnchored="true" readonly="false" visible="true" allowTabIndex="true"/>
				<button name="removeLineItem" command="deleteLineItem" type="submit" isAnchored="true" readonly="false" visible="true"/>
			</actions>
	</section>
	
	
	<hiddenFields>
	    <!--hidden name="requesterId"/-->
	    <hidden name="type" defaultValue='EXP'/>
	    <hidden name="subType" defaultValue='CASH'/>
	    <hidden name="postingERPId" defaultValue="ERP1"/>
	    <hidden name="vendorERPId" defaultValue="ERP1"/>
		<hidden name="AFENumber" defaultValue="2" forceDefault="true"/>
    </hiddenFields>

    <processors>
    		<processor name="com.miriasystems.processors.NetAmountNoDiscountProcessor"/>
       		<processor name="com.miriasystems.processors.TotalLineAmountProcessor"/>
     </processors>

</propertyTemplate>
