<?xml version="1.0" encoding="UTF-8"?>
<view name="upload-view" template="logo-tpl.xml" xmlns:xsi="http://www.w3.org/2001/XMLSchema-instance" xsi:noNamespaceSchemaLocation="http://managedpay.net/schemas/view.xsd">

<labels default="en">
		<locale name="en">
			<label name="forward" value="Complete"/>
		</locale>
</labels>

<property-overrides>
	<dropDown name="processCode" readonly="true" styleClass="threehundred"/>	
	<lookup name="requestername" validation="required"/>
	<dropDown name="custom1.tbdString14" readonly="true"/>
	<dropDown name="custom1.tbdString15" readonly="true"/>
</property-overrides>

<action-overrides>
	<button name="update" visible="false"/>
	<button name="release" visible="false"/>
</action-overrides>

<section-overrides>	
		
</section-overrides>

<hidden-overrides>
		<hidden name="processInformation.response" defaultValue="Complete"/>
</hidden-overrides>

<validations>
     
</validations>

</view>


