<?xml version="1.0" encoding="UTF-8"?>
<view name="logos-active-05-view" template="logo-05-tpl.xml" xmlns:xsi="http://www.w3.org/2001/XMLSchema-instance" xsi:noNamespaceSchemaLocation="http://managedpay.net/schemas/view.xsd">

<labels default="en">
		<locale name="en">
			<label name="forward" value="Forward"/>
			<label name="release" value="Unlock"/>
			<label name="update" value="Lock"/>
		</locale>
</labels>

<section-overrides>	
		
</section-overrides>

<hidden-overrides>
		<hidden name="processInformation.response" defaultValue="Complete"/>
</hidden-overrides>

<validations>
     
</validations>

</view>


