<?xml version="1.0" encoding="UTF-8"?>
<view name="logos-active-01-view" template="logo-01-tpl.xml" xmlns:xsi="http://www.w3.org/2001/XMLSchema-instance" xsi:noNamespaceSchemaLocation="http://managedpay.net/schemas/view.xsd">

<labels default="en">
		<locale name="en">
			<label name="forward" value="Forward"/>
			<label name="release" value="Unlock"/>
			<label name="update" value="Lock"/>
		</locale>
</labels>

<property-overrides>

</property-overrides>

<section-overrides>	
		
</section-overrides>

<hidden-overrides>
		<hidden name="processInformation.response" defaultValue="Complete"/>
</hidden-overrides>

<validations>
     
</validations>

</view>


