<?xml version="1.0" encoding="UTF-8"?>
<view name="logos-active-09-view" template="logo-09-tpl.xml" xmlns:xsi="http://www.w3.org/2001/XMLSchema-instance" xsi:noNamespaceSchemaLocation="http://managedpay.net/schemas/view.xsd">

<labels default="en">
		<locale name="en">
			<label name="Reject" value="Forward"/>
			<label name="release" value="Unlock"/>
			<label name="update" value="Lock"/>
		</locale>
</labels>

<section-overrides>	
		
</section-overrides>

<hidden-overrides>
		<hidden name="processInformation.response" defaultValue="Complete"/>
</hidden-overrides>

<documentRejection>
		<rejectionReasons>
			<reason name="Approved" commentsRequired="false" note="message.artist">
			</reason>
			<reason name="Approved With Changes" commentsRequired="false" note="message.artist">
			</reason>
			<reason name="Rejected" commentsRequired="true" note="message.artist">
			</reason>
		</rejectionReasons>
</documentRejection>

<validations>
     
</validations>

</view>


