<?xml version="1.0" encoding="UTF-8"?>
<view name="logos-complete-view" template="logo-tpl.xml" xmlns:xsi="http://www.w3.org/2001/XMLSchema-instance" xsi:noNamespaceSchemaLocation="http://managedpay.net/schemas/view.xsd">

<labels default="en">
		<locale name="en">
			<label name="forward" value="Return"/>
			<label name="reject" value="Close"/>
			<label name="release" value="Unlock"/>
			<label name="update" value="Lock"/>
		</locale>
</labels>

<section-overrides>	
		
</section-overrides>

<hidden-overrides>
		<hidden name="processInformation.response" defaultValue="Complete"/>
</hidden-overrides>

<action-overrides>
		<rejectButton name="reject" visible="true"/>	
	</action-overrides>

<documentRejection>
		<rejectionReasons>
			<reason name="Close" commentsRequired="true" note="message.terminate">
			</reason>
		</rejectionReasons>
	</documentRejection>

<validations>
     
</validations>

</view>


