<?xml version="1.0" encoding="UTF-8"?>
<view name="nonpo-exception-view" template="nonpo-tpl.xml" xmlns:xsi="http://www.w3.org/2001/XMLSchema-instance" xsi:noNamespaceSchemaLocation="http://managedpay.net/schemas/view.xsd">

	<labels default="en">
		<locale name="en">
			<label name="forward" value="Complete"/>
		</locale>
	</labels>

	<section-overrides>	
			<section name="lineItems" collapsed="false"/>
	</section-overrides>

	<property-overrides>
			<date name="dueDate" readonly="false" validation="required"/>
			<currency name="grossAmount" readonly="true"/>
			<currency name="taxAmount2" readonly="true"/>
			<dynamicDropDown name="companyCode" readonly="true"/>
	</property-overrides>

	<lineItem-overrides>
		<text name="accountCode" readonly="true"/>
		<text name="lineTotal" readonly="true"/>
		<text name="tbdString1" readonly="true"/>		 
	</lineItem-overrides>

	<action-overrides>
		<iconAction name="editRouting" readonly="false"/>
		<iconAction name="postings" visible="false"/>
		<button name="addLineItem" visible="false"/>
		<button name="removeLineItem" visible="false"/>
	</action-overrides>

	<hidden-overrides>
		<hidden name="processInformation.response" defaultValue="Complete"/>
		<!--<hidden name="taxAmount2"/>-->
	</hidden-overrides>

	 <documentRejection>
		<rejectionReasons>
			<reason name="Reject" commentsRequired="true" note="message.terminate">
			</reason>
			<reason name="Vendor Maintenance" commentsRequired="true" note="message.returnVendorMaintenance">
			</reason>
			<reason name="Trade Invoice" commentsRequired="true" note="message.tradeInvoice">
			</reason>
		</rejectionReasons>
	</documentRejection>

	<validations>
		<validation name="validation.validVendor" messageType="warning" note="message.validVendorValidation"/>
		<validation name="validation.duplicateInvoiceCheck" messageType="warning" note="message.duplicateInvoiceValidation"/>
		<validation name="validation.facilities" messageType="warning"/>
		<validation name="validation.capex"/>
		<validation name="validation.vendortype.check"/>
		<validation name="validation.accountCode"/>
	</validations>
</view>
