<?xml version="1.0" encoding="UTF-8"?>
<view name="upload-inv-ref-view" template="nonpo-index-tpl.xml" xmlns:xsi="http://www.w3.org/2001/XMLSchema-instance" xsi:noNamespaceSchemaLocation="http://managedpay.net/schemas/view.xsd">


<labels default="en">
		<locale name="en">
			<label name="forward" value="Complete"/>
		</locale>
</labels>
	
<section-overrides>	
		<section name="New Vendor Details" visible="true"/>
		<section name="vendorDetails" visible="false"/>
</section-overrides>

<action-overrides>
		<iconAction name="editRouting" readonly="false"/>
		<iconAction name="postings" visible="false"/>
</action-overrides>

<property-overrides>
		<text name="vendorId" readonly="true" defaultValue="999999" forceDefault="true"/>
		<text name="vendor.name" readonly="true" defaultValue="Misc Vendor" forceDefault="true"/>
		<text name="alternatevendor" readonly="true"/>
		<currency name="grossAmount" readonly="true"/>
		<currency name="taxAmount2" readonly="true"/>
		<text name="custom2.name" validation="required"/>
		<text name="custom2.address1" validation="required"/>
		<text name="custom2.city" validation="required"/>
		<text name="custom2.state" validation="required"/>
		<text name="custom2.postalCode" validation="required"/>
		<text name="tbdString3" validation=""/>
</property-overrides>

<hidden-overrides>
		<hidden name="processInformation.response" defaultValue="Complete"/>
</hidden-overrides>

<documentRejection>
		<rejectionReasons>
			<reason name="Reject" commentsRequired="true" note="message.returnException">
			</reason>
			<reason name="Rescan" commentsRequired="true" note="message.rescan">
			</reason>
			<reason name="Trade Invoice" commentsRequired="true" note="message.tradeInvoice">
			</reason>
		</rejectionReasons>
	</documentRejection>

<validations>
	<validation name="validation.duplicateInvoiceCheck" messageType="warning" note="message.duplicateInvoiceValidation"/>
		<validation name="validation.validVendor" messageType="warning" note="message.validVendorValidation"/>
		<!--validation name="validation.validNetAmount"/-->
		<validation name="validation.validPaymentTerm"/>
		<validation name="validation.capex"/>
		<validation name="validation.facilities" messageType="warning"/>
		<validation name="validation.accountCode" />
		<validation name="validation.vendortype.check"/>
</validations>

</view>


