<?xml version="1.0" encoding="UTF-8"?>
<view name="nonpo-vm-view" template="nonpo-tpl.xml" xmlns:xsi="http://www.w3.org/2001/XMLSchema-instance" xsi:noNamespaceSchemaLocation="http://managedpay.net/schemas/view.xsd">

	<labels default="en">
		<locale name="en">
			<label name="forward" value="Complete"/>
		</locale>
	</labels>

	<section-overrides>
		<section name="vendorDetails" visible="true" collapsed="false"/>
		<section name="lineItems" visible="true" />
		
	</section-overrides>
	
	<property-overrides>
		<lookup name="vendorId" readonly="true" validation=""/>
		<dropDown name="type" readonly="true"/>	
		<lookup name="vendor.name" readonly="true" />
		<lookup name="paymentTermId" readonly="true" />
		<text name="number" readonly="true" />
		<date name="date" readonly="true" />
		<date name="dueDate" validation=""/>
		<currency name="grossAmount" readonly="true"/>
		<currency name="freightAmount1" readonly="true" />
		<currency name="taxAmount1" readonly="true" />
		<text name="voucherComments" readonly="true" />
	</property-overrides>

	<action-overrides>
		<iconAction name="editRouting" visible="false"/>
		<button name="addLineItem" readonly="true" visible="false"/>
		<button name="removeLineItem" readonly="true" visible="false"/>
	</action-overrides>
	
	<lineItem-overrides>
		<text name="account.code1" readonly="true" validation=""/>
		<currency name="lineTotal" readonly="true" validation=""/>
	</lineItem-overrides>
	
	<hidden-overrides>
		<hidden name="processInformation.response" defaultValue="Complete"/>
	</hidden-overrides>

	<documentRejection>
		<rejectionReasons>
			<reason name="Reject" commentsRequired="true" note="message.returnException">
				<subReason name="Duplicate Vendor"/>
				<subReason name="Vendor invalid"/>
				<subReason name="Vendor posting error"/>
				<subReason name="No Backup"/>
				<subReason name="Other error"/>
			</reason>
			<reason name="Reject to Buyer" commentsRequired="true" note="message.returnBuyer">
			</reason>
			<reason name="Temp On Hold" commentsRequired="true" note="message.OnHold">
			</reason>
		</rejectionReasons>
	</documentRejection>
	
	<validations>
		<validation name="validation.validVendor"/>
	</validations>
</view>
