﻿<?xml version="1.0" encoding="UTF-8"?>
<view name="nonpo-approve-view" template="nonpo-tpl.xml" xmlns:xsi="http://www.w3.org/2001/XMLSchema-instance">

	<labels default="en">
		<locale name="en">
			<label name="forward" value="Complete"/>
		</locale>
	</labels>

	<section-overrides>
		<section name="lineItems" visible="false"/>
	</section-overrides>

	<property-overrides>
		<lookup name="vendorId" readonly="true" validation=""/>
		<dropDown name="type" readonly="true"/>	
		<dropDown name="subType" readonly="true"/>	
		<lookup name="vendor.name" readonly="true" />
		<text name="number" readonly="true" />
		<date name="date" readonly="true" />
		<date name="dueDate" validation=""/>
		<currency name="grossAmount" readonly="true"/>
		<currency name="freightAmount1" readonly="true" />
		<currency name="taxAmount1" readonly="true" />
		<currency name="taxAmount2" readonly="true" />
		<text name="voucherComments" readonly="true" />
		<text name="tbdString2" readonly="true" />
		<text name="routingCode" readonly="true" />
		<text name="scanAmount" readonly="true" />
		<text name="tbdBoolean1" readonly="true" />
		<text name="paymentTypeId" readonly="true" />
		<text name="tbdBoolean2" readonly="true" />
		<text name="tbdString1" readonly="true" />
		<text name="tbdString3" readonly="true" />	
		<text name="checkStubMessage" readonly="true" />
		<text name="paymentTermId" readonly="true" />
		<text name="specialHandlingCode" readonly="true" />
	</property-overrides>

	<action-overrides>
		
		<iconAction name="editRouting" readonly="false" />
		<iconAction name="postings" visible="false" />
		<button name="update" visible="false"/>
		<rejectButton name="reject" visible="false"/>
		</action-overrides>

	<hidden-overrides>
		<hidden name="processInformation.response" defaultValue="Complete"/>
	</hidden-overrides>

</view>
