<?xml version="1.0" encoding="UTF-8"?>
<view name="po-vm-view" template="po-posting-tpl.xml" xmlns:xsi="http://www.w3.org/2001/XMLSchema-instance" xsi:noNamespaceSchemaLocation="http://managedpay.net/schemas/view.xsd">

	<labels default="en">
		<locale name="en">
			<label name="forward" value="Complete"/>
		</locale>
	</labels>

	<section-overrides>
		<section name="vendorDetails" visible="true" collapsed="false"/>
		<section name="lineItems" visible="true" collapsed="false"/>
	</section-overrides>
		
	<property-overrides>
		<dropDown name="specialHandlingCode" readonly="true" />
		<currency name="taxAmount2" readonly="true" validation=""/>
		<dropDown name="checkStubMessage" readonly="true" />
		<text name="voucherComments" readonly="true" />
		<dropDown name="type" readonly="true" validation="" />
		<dropDown name="subType" readonly="true" validation=""/> 
		<text name="poId" readonly="true" validation=""/>
		<text name="tbdString1" readonly="true" />
		<text name="number" readonly="true"/>
		<date name="date" readonly="true"/>
		<lookup name="vendor.name" readonly="true"/>
		<text name="scanVendorAddress2" readonly="true"/>
		<currency name="grossAmount" readonly="true"/>
		<currency name="freightAmount1" readonly="true"/>
		<currency name="freightAmount2" readonly="true"/>
		<currency name="tbdCurrency1" readonly="true"/>
		<text name="docPriority" readonly="true"/>
		<checkbox name="tbdBoolean2" readonly="true"/>
		<checkbox name="paymentTypeId" readonly="true"/>
	</property-overrides>

	<action-overrides>
		<getNext name="next" readonly="false" visible="false"/>
		<rejectButton name="reject" readonly="true" visible="false"/>
		<button name="forward" readonly="false" visible="true"/>
		<button name="update" readonly="false" visible="true"/>
		<button name="addLineItem" readonly="true" visible="false"/>
		<button name="removeLineItem" readonly="true" visible="false"/>
	</action-overrides>
	
	<lineItem-overrides>
		<text name="accountCode" readonly="true" validation=""/>
		<currency name="lineTotal" readonly="true" validation=""/>
		<text name="tbdString1" readonly="true" validation=""/>
	</lineItem-overrides>
	
	<hidden-overrides>
		<hidden name="processInformation.response" defaultValue="Complete"/>
	</hidden-overrides>

	<documentRejection>
		<rejectionReasons>
			<reason name="Force" commentsRequired="true" note="message.forceMatch">
			</reason>
		</rejectionReasons>
	</documentRejection>
	<validations>
		<validation name="validation.validVendor"/>
	</validations>
</view>
