<?xml version="1.0" encoding="UTF-8"?>
<view name="po-exception-terms-view" template="po-tpl.xml" xmlns:xsi="http://www.w3.org/2001/XMLSchema-instance">

	<labels default="en">
		<locale name="en">
			<label name="forward" value="Complete"/>
		</locale>
	</labels>

	<section-overrides>

			
	</section-overrides>

	<property-overrides>
		<date name="dueDate" readonly="false" validation="required"/>
		<lookup name="vendorId" readonly="false" validation="required"/>
		<dropDown name="companyCode" readonly="false" validation="required"/>
	</property-overrides>

	<lineItem-overrides>
		
	</lineItem-overrides>

	<action-overrides>
		<iconAction name="postings" visible="false"/>
	</action-overrides>

	<hidden-overrides>
		<hidden name="processInformation.response" defaultValue="Complete"/>
	</hidden-overrides>

	 <documentRejection>
		<rejectionReasons>
			<reason name="Reject" commentsRequired="true" note="message.terminate">
			</reason>
			<reason name="Return to Requester" commentsRequired="true" note="message.returnRequester">
			</reason>
			<reason name="Vendor Maintenance" commentsRequired="true" note="message.returnVendorMaintenance">
			</reason>
			<reason name="Expense Invoice" commentsRequired="true" note="message.expenseInvoice">
			</reason>
			<reason name="Rescan" commentsRequired="true" note="message.rescan">
			</reason>
		</rejectionReasons>
	</documentRejection>

	<validations>
		<validation name="validation.duplicateInvoiceCheck" messageType="warning" note="message.duplicateInvoiceValidation"/>
		<validation name="validation.validVendor" messageType="warning" note="message.validVendorValidation"/>
		<validation name="validation.duedate.check" />
		<validation name="validation.validPaymentTerm"/>
		<validation name="validation.vendortype.check"/>
	</validations>
</view>
