<?xml version="1.0" encoding="UTF-8"?>
<view name="rec-readonly-view" template="receiver-tpl.xml" xmlns:xsi="http://www.w3.org/2001/XMLSchema-instance" xsi:noNamespaceSchemaLocation="http://managedpay.net/schemas/view.xsd">


<labels default="en">
		<locale name="en">
			<label name="forward" value="Complete"/>
		</locale>
</labels>

	<action-overrides>
		<button name="update" visible="false"/>
		<button name="release" visible="false"/>
		<rejectButton name="reject" visible="false"/>
		<button name="forward" visible="false"/>
	</action-overrides>
	
	<hidden-overrides>
		<hidden name="processInformation.response" defaultValue="Complete"/>
	</hidden-overrides>
</view>


