<?xml version="1.0" encoding="UTF-8"?>
<view name="upload-misc-view" template="upload-misc-tpl.xml" xmlns:xsi="http://www.w3.org/2001/XMLSchema-instance" xsi:noNamespaceSchemaLocation="http://managedpay.net/schemas/view.xsd">


<labels default="en">
		<locale name="en">
			<label name="forward" value="Complete"/>
		</locale>
</labels>
	
	<hidden-overrides>
		<hidden name="processInformation.response" defaultValue="Complete"/>
	</hidden-overrides>
	<validations>
		<validation name="validation.vendortype.check"/>
	</validations>
</view>


