<?xml version="1.0" encoding="UTF-8"?>
<view name="upload-po-credit-view" template="upload-trade-tpl.xml" xmlns:xsi="http://www.w3.org/2001/XMLSchema-instance" xsi:noNamespaceSchemaLocation="http://managedpay.net/schemas/view.xsd">

<labels default="en">
		<locale name="en">
			<label name="forward" value="Complete"/>
		</locale>
</labels>

<section-overrides>	
		<section name="New Vendor Details" visible="false"/>
		<section name="lineItems" visible="true"/>
</section-overrides>

<validations>
		<validation name="validation.accountCode" />
		<validation name="validation.lineItemAmount"/>
		<validation name="validation.vendortype.check"/>
	</validations>

</view>


