<?xml version="1.0" encoding="UTF-8"?>
<view name="upload-view" template="upload-expense-tpl.xml" xmlns:xsi="http://www.w3.org/2001/XMLSchema-instance" xsi:noNamespaceSchemaLocation="http://managedpay.net/schemas/view.xsd">

<labels default="en">
		<locale name="en">
			<label name="forward" value="Complete"/>
		</locale>
</labels>

<section-overrides>	
		<section name="New Vendor Details" visible="false"/>
</section-overrides>

<property-overrides>
		<text name="vendorId" readonly="true" defaultValue="999999"/>
		<text name="vendor.name" readonly="true" defaultValue="Misc Vendor"/>
</property-overrides>

<validations>
		<validation name="validation.vendortype.check"/>
</validations>

</view>


