<?xml version="1.0" encoding="UTF-8"?>
<propertyTemplate
        xmlns:xsi="http://www.w3.org/2001/XMLSchema-instance"
        xsi:noNamespaceSchemaLocation="http://www.managedpay.net/schemas/template.xsd">
        
        <labels>
	<!-- Label overrides for this template -->
	<locale name="en">
 
	</locale>
	</labels>

	<section name="doc" collapsible="false" collapsed="false">
		<properties>
			<valueAlias row="1" col="1" name="processInformation.queueName" readonly="true" styleClass="twohundred"/>
			<text row="1" col="2" name="originatorName" readonly="true"/>
			<output row="2" col="1-2" name="processInformation.previousComment" readonly="true" styleClass="comment" escapeXml="false"/>
			<text row="3" col="1-2" name="processInformation.failReason" readonly="true" styleClass="fulllookup"/>
		</properties>
		<actions>
				<button name="forward" command="forward" readonly="false" type="submit" isAnchored="false"/>
		</actions>
	</section>
	
	<section name="invoice" visible="true" collapsible="false" collapsed="false">
		<properties>
		<text row="1" col="1" name="type" defaultValue="VOUCHER" readonly="true"/>
		<dropDown row="1" col="2" name="subType" choiceList="choice.subType" readonly="false" validation="required"/>
		<text row="2" col="1" name="number" validation="required, noSpecialCharacters"/>
        <date row="2" col="2" name="date" readonly="false" validation="required" styleClass="date"/>
		<text row="3" col="1" name="tbdString2" readonly="false" />
		<text row="3" col="2" name="companyCode" readonly="true"/>
		</properties>
		<actions>
			<iconAction name="editRouting" icon="/images/ico_routing.gif" width="16" height="16" readOnlyLink="javascript:openViewRoutingWindow('$contextPath$', '$wobNumber$', 'nonPo')" link="javascript:openRoutingWindow('$contextPath$', '$wobNumber$', 'nonPo')" alwaysActive="true" readonly="true"/>			
			<iconAction name="email" icon="/images/ico_email.gif" width="16" height="16" link="javascript:openSendEmailWindow('$contextPath$', '$imageGUID$', '$wobNumber$')" alwaysActive="true"/>
			<iconAction name="attachments" icon="/images/ico_docattach.gif" width="16" height="16" link="javascript:openAttachmentsWindow('$contextPath$', '$wobNumber$')" alwaysActive="true"/>
			<attachmentCountAction name="attachmentCount" visible="true"/>
			<!--iconAction name="addVendor" icon="/images/ico_w9.gif" width="16" height="16" link="javascript:2()" visible="false"/-->
			<iconAction name="print" icon="/images/ico_search.gif" width="16" height="16" link="javascript:window.print()" visible="false" alwaysActive="true"/>
			<iconAction name="statusWindow" icon="/images/ico_status.gif" width="16" height="16" link="javascript:openStatusWindow('$seqId$', '$contextPath$');return false;" alwaysActive="true"/>
			<iconAction name="help" icon="/images/ico_help.gif" width="16" height="16" link="javascript:openHelp('User_Interfaces/Working_with_Invoices.htm', '$contextPath$')" alwaysActive="true"/>
		</actions>
	</section>
	
	<section name="invoiceDetails" visible="true" collapsible="true" collapsed="false">
		<properties>
			<checkbox row="1" col="1" name="alternatevendor" onClick="reloadPage(this)"/>
			<lookup row="2" col="1-2" name="vendor.name" lookupType="lookup.vendorCode" readonly="false" styleClass="fulllookup"/>
			<lookup row="3" col="1" name="vendorId" lookupType="lookup.vendorCode" readonly="false" validation="required"/>
			<lookup row="3" col="2" name="routingCode" lookupType="lookup.costObject1" readonly="false" validation="required" styleClass="onehundredpercent"/>
			<currency row="4" col="1" name="grossAmount" validation="required, nonZero" styleClass="currency"/>
			<currency row="4" col="2" name="scanAmount" validation="required, nonZero" styleClass="currency"/>
			<currency row="5" col="1" name="taxAmount1" readonly="false" validation="decimal" styleClass="currency"/>
			<currency row="5" col="2" name="netAmount" readonly="true" styleClass="currency"/>
			<checkbox row="6" col="1" name="tbdBoolean1"/>
			<currency row="6" col="2" name="taxAmount2" readonly="false" validation="decimal" styleClass="currency"/>
			<dynamicDropDown row="7" col="1" name="paymentTermId" providerClass="com.miriasystems.ui.providers.PaymentTermChoiceListProvider" validation="required" onChange="reloadPage(this)"/>
			<date row="7" col="2" readonly="true" name="dueDate" styleClass="date" validation="required"/>
			<dropDown row="8" col="1" name="specialHandlingCode" choiceList="choice.comments"/>
			<dynamicDropDown row="8" col="2" name="paymentTypeId" providerClass="com.miriasystems.ui.providers.PaymentTypeChoiceListProvider" validation="required"/>
			<checkbox row="9" col="1" name="tbdBoolean2"/>
			<text row="9" col="2" name="tbdString1" readonly="false" />
			<text row="10" col="1" name="checkStubMessage" readonly="false" />
			<textArea row="10" col="1-2" name="voucherComments" styleClass="comment"/>
		</properties>
	</section>

	<section name="vendorDetails" visible="true" collapsible="true" collapsed="false">
		<properties>
			<text row="1" col="1-4" name="vendor.address1" readonly="true" styleClass="fulllookup"/>
			<text row="2" col="1" name="vendor.city" readonly="true" />
			<text row="2" col="2" name="vendor.state" readonly="true"/>
			<text row="2" col="3" name="vendor.postalCode" readonly="true"/>
			<text row="3" col="1" name="vendor.address2" readonly="true"/>
			<text row="3" col="2-4" name="vendor.address3" readonly="true"/>
	    </properties>
	</section>
	
	<section name="New Vendor Details" visible="true" collapsible="true" collapsed="false">
		<properties>
			<label row ="1" col="1" name="Default Address" position="left"/>
			<text row="2" col="1-4" name="custom2.name" readonly="true" styleClass="fulllookup"/>
			<text row="3" col="1-4" name="custom2.address1" readonly="true" styleClass="fulllookup"/>
			<text row="4" col="1" name="custom2.city" readonly="true" />
			<text row="4" col="2" name="custom2.state" readonly="true"/>
			<text row="4" col="3" name="custom2.postalCode" readonly="true"/>
			<text row="5" col="1" name="custom2.address2" readonly="true"/>
			<text row="5" col="2-4" name="custom2.address3" readonly="true"/>
			<label row ="6" col="1" name="Remit Address" position="left"/>
			<text row="7" col="1-4" name="custom2.rmtName" readonly="true" styleClass="fulllookup"/>
			<text row="8" col="1-4" name="custom2.rmtAddress1" readonly="true" styleClass="fulllookup"/>
			<text row="9" col="1" name="custom2.rmtCity" readonly="true" />
			<text row="9" col="2" name="custom2.rmtState" readonly="true"/>
			<text row="9" col="3" name="custom2.rmtPostalCode" readonly="true"/>
	    </properties>
	</section>
	
	<section name="Payment Information" visible="false" collapsible="true" collapsed="false">
		<properties>
			<text row="1" col="1-2" name="custom2.bankName" readonly="false" styleClass="fulllookup"/>
			<text row="2" col="1" name="custom2.tbdString1" readonly="false" styleClass="fourhundred"/>
			<text row="2" col="2" name="custom2.tbdString2" readonly="false" styleClass="fourhundred"/>
	    </properties>
	</section>
	
	<section name="lineItems" visible="true" collapsible="true" collapsed="false">
		<lineItemProperties showTotal="true" showTaxTotal="false">
			<lookup row="1" col="1" name="accountCode" lookupType="lookup.accountCode" readonly="false" validation="required" styleClass="onehundredpercent"/>
			<text row="1" col="2-3" name="account.description" readonly="true" styleClass="fulllookup"/>
			<currency row="1" col="4" name="lineTotal" readonly="false" validation="required, nonZero" styleClass="currency" />
			<text row="1" col="5" name="tbdString1" labelKey='CAPEX' readonly="false" styleClass="twohundred"/>		
			<lineItemHidden row="0" col="0" name="accountERPId"/>
			<lineItemHidden row="0" col="0" name="companyCode"/>
		</lineItemProperties>
		<actions>
			<!-- The following set of actions are standard ManagedPay and should be included relatively unmodified from the baseline version in most templates -->
			<button name="addLineItem" command="addLineItem" type="submit" isAnchored="true" allowTabIndex="true" hotKey="a"/>
			<button name="removeLineItem" command="deleteLineItem" type="submit" isAnchored="true" hotKey="d"/>
		</actions>
	</section>

	<section name="sourceInformation" visible="true" collapsible="true" collapsed="true">
		<properties>
			<date row="1" col="1" name="scanDate" readonly="true" styleClass="date"/>
			<text row="1" col="2" name="scanType" readonly="true"/>
			<text row="2" col="1" name="scanSource" readonly="true"/>
			<text row="2" col="2" name="batchNumber" readonly="true"/>
		</properties>
	</section>

	<hiddenFields>
		<hidden name="requesterId" validation="required"/>
		<hidden name="postingERPId"/>
		<hidden name="vendorERPId"/>
        	<hidden name="newBatchNumber"/>
        	<hidden name="paymentTermERPId"/>
        	<hidden name="vendor.status" defaultValue="V"/>
			<hidden name="uploadRef"/>
			<hidden name="originatorId"/>
			<hidden name="originatorName"/>
			<hidden name="requester.userName"/>
			<hidden name="processInformation.comment"/>
        </hiddenFields>

	<processors>
		<processor name="com.miriasystems.processors.NetAmountNoDiscountProcessor"/>
		<processor name="com.miriasystems.processors.TotalLineAmountProcessor"/>
    </processors>
</propertyTemplate>
