<?xml version="1.0" encoding="UTF-8"?>
<propertyTemplate
        xmlns:xsi="http://www.w3.org/2001/XMLSchema-instance"
        xsi:noNamespaceSchemaLocation="http://www.managedpay.net/schemas/template.xsd">
        
    <labels>
	<!-- Label overrides for this template -->
	<locale name="en">
	</locale>
	</labels>

	<section name="doc" collapsible="false" collapsed="false">
		<properties>
			<valueAlias row="1" col="1" name="processInformation.queueName" readonly="true" styleClass="twohundred"/>
			<text row="1" col="2" name="originatorName" readonly="true"/>
			<output row="2" col="1-2" name="processInformation.previousComment" readonly="true" styleClass="comment" escapeXml="false"/>
			<text row="3" col="1-2" name="processInformation.failReason" readonly="true" styleClass="fulllookup"/>
		</properties>
		<actions>
				<button name="forward" command="forward" readonly="false" type="submit" isAnchored="false"/>
		</actions>
	</section>
	
	<section name="Document Details" visible="true" collapsible="false" collapsed="false">
		<properties>
		<dropDown row="1" col="1" name="type" choiceList="choice.invoiceTypes" readonly="false" validation="required" onChange="reloadPage(this)"/>
		<lookup row="2" col="1-3" name="vendor.name" lookupType="lookup.vendorCode" readonly="false" styleClass="fulllookup"/>
		<lookup row="3" col="1" name="vendorId" lookupType="lookup.vendorCode" readonly="false" />
		<text row="3" col="2" name="number"/>
        <text row="3" col="3" name="poId" readonly="false"/>
		</properties>
	</section>
	
		
	<hiddenFields>
		<hidden name="postingERPId" defaultValue="JDA"/>
		<hidden name="vendorERPId"  defaultValue="JDA"/>
        <hidden name="newBatchNumber"/>
        <hidden name="paymentTermERPId"  defaultValue="JDA"/>
		<hidden name="paymentTypeERPId"  defaultValue="JDA"/>
        <hidden name="vendor.status" defaultValue="V"/>
		<hidden name="uploadRef"/>
		<hidden name="originatorId"/>
		<hidden name="originatorName"/>
     </hiddenFields>

	<processors>
		
    </processors>
</propertyTemplate>
