<?xml version="1.0" encoding="UTF-8"?>
<propertyTemplate
        xmlns:xsi="http://www.w3.org/2001/XMLSchema-instance"
        xsi:noNamespaceSchemaLocation="http://www.managedpay.net/schemas/template.xsd">
        
     <labels>
		
	<locale name="en">
		<label name="grossAmount" value ="Invoice Amount"/>
		<label name="group" value ="Store/Location"/>
		<label name="department" value ="Department"/>
		<label name="vendorId" value ="Customer #"/>
		<label name="alternatevendor" value ="New Customer"/>
		<label name="vendor.name" value ="Customer Name"/>
		<label name="processCode" value ="Sub-Ledger"/>
		<label name="image" value="Image Window"/>
	</locale>
	</labels>
	
	<section name="doc" collapsible="false" collapsed="false">
		<properties>
			<valueAlias row="1" col="1" name="processInformation.queueName" readonly="true" styleClass="twohundred"/>
			<text row="1" col="2" name="originatorName" readonly="true"/>
			<output row="2" col="1-2" name="processInformation.previousComment" readonly="true" styleClass="comment" escapeXml="false"/>
			<text row="3" col="1-2" name="processInformation.failReason" readonly="true" styleClass="fulllookup"/>
		</properties>
		<actions>
			<iconAction name="image" icon="/images/image-window.png" width="16" height="16" link="javascript:parent.openImage()" alwaysActive="true"/>
			<getNext name="next" readonly="true" showLabel="false" visible="true" toLeft="true"/>
			<rejectButton name="reject" readonly="false" isAnchored="false" hotKey="r"/>
			<button name="forward" command="forward" readonly="false" type="submit" isAnchored="false"/>
		</actions>
	</section>
	
	<section name="invoice" visible="true" collapsible="false" collapsed="false">
		<properties>
			<checkbox row="1" col="1" name="alternatevendor" onClick="reloadPage(this)"/>
			<dropDown row="1" col="2" name="processCode" choiceList="choice.subledger" validation="required"/>
			<lookup row="2" col="1" name="vendorId" lookupType="lookup.customerCode" readonly="false" validation="required"/>
			<lookup row="2" col="2" name="vendor.name" lookupType="lookup.customerCode" readonly="true" styleClass="fulllookup"/>
			<date row="3" col="1" name="date" readonly="false" validation="required" styleClass="date"/>
			<currency row="3" col="2" name="grossAmount" validation="required, nonZero" styleClass="currency"/>
		</properties>
		<actions>
			<postingReplyAction name="postings" icon="/images/ico_mp.gif" width="16" height="16" link="javascript:openPostingReplyWindow('$contextPath$', '$wobNumber$')" visible="true"/>
			<iconAction name="attachments" icon="/images/ico_docattach.gif" width="20" height="20" link="javascript:openAttachmentsWindow('$contextPath$', '$wobNumber$')" alwaysActive="true"/>
			<iconAction name="emailLogoattachments" icon="/images/attachment_add.png" width="16" height="16" link="javascript:openEmailLogoAttachmentsWindow('$contextPath$', '$wobNumber$','emailLogo','$seqId$')" alwaysActive="true"/>
			<attachmentCountAction name="attachmentCount" visible="true"/>
			<iconAction name="print" icon="/images/ico_print.gif" width="16" height="16" link="javascript:window.print()" visible="false" alwaysActive="true"/>
			<iconAction name="statusWindow" icon="/images/ico_status.gif" width="20" height="20" link="javascript:openStatusWindow('$seqId$', '$contextPath$');return false;" alwaysActive="true"/>
			<iconAction name="help" icon="/images/ico_help.gif" width="20" height="20" link="javascript:openHelp('User_Interfaces/Working_with_Invoices.htm', '$contextPath$')" alwaysActive="true"/>
			<button name="update" command="update" readonly="false" visible="true" type="submit" hotKey="s"/>
			<button name="release" command="release" readonly="false" visible="true" type="submit"/>
		</actions>
	</section>
	
	<section name="Customer Details" visible="true" collapsible="true" collapsed="false">
		<properties>
			<text row="1" col="1-4" name="vendor.address1" readonly="true" styleClass="fulllookup"/>
			<text row="2" col="1" name="vendor.city" readonly="true" />
			<text row="2" col="2" name="vendor.state" readonly="true"/>
			<text row="2" col="3" name="vendor.postalCode" readonly="true"/>
	    </properties>
	</section>
	
	<section name="New Customer Details" visible="false" collapsible="true" collapsed="false">
		<properties>
			<text row="1" col="1-3" name="custom2.name" readonly="false" styleClass="fulllookup"/>
			<text row="2" col="1-3" name="custom2.address1" readonly="false" styleClass="fulllookup"/>
			<text row="3" col="1" name="custom2.city" readonly="false" />
			<text row="3" col="2" name="custom2.state" readonly="false"/>
			<text row="3" col="3" name="custom2.postalCode" readonly="false"/>
	    </properties>
	</section>
	
	
	<section name="Invoice Lines" visible="true" collapsible="true" collapsed="false">
		<lineItemProperties showTotal="true" showTaxTotal="false">
			<lookup row="1" col="1" name="accountCode" lookupType="lookup.accountCode" readonly="false" validation="required" styleClass="onefifty"/>
			<text row="1" col="2" name="account.description" readonly="true" styleClass="twohundred"/>
			<text row="1" col="3" name="itemDescription" readonly="false" valabelKey="Invoice Line Description"  styleClass="twohundred"/>
			<text row="2" col="1" name="quantity" readonly="false" validation="decimal" styleClass="five"/>
			<currency row="2" col="2" name="lineTotal" readonly="false" validation="positiveDecimal" styleClass="currency"/><!--amount-->
			<currency row="2" col="3" name="unitPrice" readonly="true" styleClass="seven"/><!--unit price-->
			<lineItemHidden row="0" col="0" name="accountERPId"/>
			<lineItemHidden row="0" col="0" name="companyCode"/>
			<lineItemHidden row="0" col="0" name="account.type" defaultValue="%" />
		</lineItemProperties>
		<actions>
			<!-- The following set of actions are standard ManagedPay and should be included relatively unmodified from the baseline version in most templates -->
		    <button name="addLineItem" command="addLineItem" type="submit" isAnchored="true" allowTabIndex="true" hotKey="a"/>
			<button name="removeLineItem" command="deleteLineItem" type="submit" isAnchored="true" hotKey="r"/>
		</actions>
	</section>

	<hiddenFields>
		<hidden name="postingERPId" defaultValue="JDA"/>
		<hidden name="vendorERPId" defaultValue="JDA"/>
        <hidden name="newBatchNumber"/>
       	<hidden name="paymentTermERPId" defaultValue="JDA"/>
		<hidden name="paymentTypeERPId" defaultValue="JDA"/>
       	<hidden name="vendor.status" defaultValue="1"/>
		<hidden name="uploadRef"/>
		<hidden name="originatorId"/>
		<hidden name="requesterId"/>
		<hidden name="scanSource" defaultValue="Direct Entry" forceDefault="true"/>
		<hidden name="scanType" defaultValue="Expense" forceDefault="true"/>
		<hidden name="type" defaultValue="AR" forceDefault="true"/>
		<hidden name="requester.userName"/>
		<hidden name="AFENumber" defaultValue="3" forceDefault="true"/>
		<hidden name="processInformation.comment"/>
		<hidden name="custom1.tbdComment1" defaultValue="1." forceDefault="true" readonly="true"/>
		<hidden name="group" defaultValue="AR" forceDefault="true"/>
		</hiddenFields>
	<processors>
		<processor name="com.miriasystems.processors.NetAmountNoDiscountProcessor"/>
		<processor name="com.miriasystems.processors.TotalLineAmountProcessor"/>
		<processor name="com.miriasystems.processors.LineItemUnitPriceCalculator"/>	
    </processors>
</propertyTemplate>
