<?xml version="1.0" encoding="UTF-8"?>
<view name="upload-view" template="ar-tpl.xml" xmlns:xsi="http://www.w3.org/2001/XMLSchema-instance" xsi:noNamespaceSchemaLocation="http://managedpay.net/schemas/view.xsd">

<labels default="en">
		<locale name="en">
			<label name="forward" value="Complete"/>
		</locale>
</labels>

<section-overrides>	
		
</section-overrides>

<property-overrides>
		<lookup name="vendorId" readonly="true" validation=""/>
		<checkbox name="alternatevendor" readonly="true"/>	
		<dropDown name="subType" readonly="true"/>	
		<text name="number" readonly="true" />
		<date name="date" readonly="true" />
		<date name="dueDate" readonly="true"/>
		<currency name="grossAmount" readonly="true"/>
		<currency name="freightAmount1" readonly="true" />
		<currency name="taxAmount1" readonly="true" />
	</property-overrides>

	<lineItem-overrides>
		<text name="accountCode" readonly="true" validation=""/>
		<currency name="quantity" readonly="true" validation=""/>
		<text name="itemDescription" readonly="true" validation=""/>
		<text name="lineTotal" readonly="true" validation=""/>
	</lineItem-overrides>
	
	<action-overrides>
		<button name="addLineItem" visible="valse" />
		<button name="removeLineItem" visible="false"/>
	</action-overrides>

	
<hidden-overrides>
		<hidden name="processInformation.response" defaultValue="Complete"/>
</hidden-overrides>

	<documentRejection>
		<rejectionReasons>
			<reason name="Reject" commentsRequired="true" note="message.sendToException">
				<subReason name="Duplicate"/>
				<subReason name="Invoice does not belong to approver"/>
			</reason>	
		</rejectionReasons>
	</documentRejection>

<validations>
     
</validations>

</view>


