<?xml version="1.0" encoding="UTF-8"?>
<view name="edi-cancelled-view" template="edi-tpl.xml" xmlns:xsi="http://www.w3.org/2001/XMLSchema-instance" xsi:noNamespaceSchemaLocation="http://managedpay.net/schemas/view.xsd">

	<labels default="en">
		<locale name="en">
			<label name="forward" value="Complete"/>
		</locale>
	</labels>

	<section-overrides>	
			
	</section-overrides>

	<property-overrides>
			
	</property-overrides>

	<lineItem-overrides>
	
	
		
	</lineItem-overrides>

	<action-overrides>
		
	</action-overrides>

	<hidden-overrides>
		<hidden name="processInformation.response" defaultValue="Complete"/>
		<!--<hidden name="taxAmount2"/>-->
	</hidden-overrides>

	 <documentRejection>
		<rejectionReasons>
			<reason name="Reject" commentsRequired="false" note="message.terminate">
			</reason>
		</rejectionReasons>
	</documentRejection>

	<validations>
		
	</validations>
</view>
