<?xml version="1.0" encoding="UTF-8"?>
<view name="mn-w9-indexing-view" template="mn-w9-tpl.xml" xmlns:xsi="http://www.w3.org/2001/XMLSchema-instance" xsi:noNamespaceSchemaLocation="http://managedpay.net/schemas/view.xsd">

	<!-- View permutations:
		  -view: This is the standard view
		  -viewM: Payment Type 'MC' has been selected
		  -viewP: Payment Type 'PC' has been selected
	-->

	<labels default="en">
		<locale name="en">
			<label name="forward" value="Index"/>
			<label name="Restart" value="Wrong invoice type"/>
			<label name="Vendor Maintenance" value="Inactive Vendor"/>
		</locale>
	</labels>

	<section-overrides>
	</section-overrides>

	<property-overrides>
		<text name="number" readonly="false" validation="required"/>
		<lookup name="vendorId" readonly="false" validation="required"/>
		<dropDown name="docPriority" readonly="false" />
		<!--dropDown name="type" readonly="false" choiceList="choice.invoiceTypes" onChange="reloadPage(this)"/-->
		<date name="date" readonly="false"/>
		<currency name="grossAmount" readonly="false"/>
	</property-overrides>


	<action-overrides>
	</action-overrides>

	<hidden-overrides>
		<hidden name="processInformation.response" defaultValue="Complete"/>
	</hidden-overrides>

	<documentRejection>
		<rejectionReasons>
			<reason name="Reject" commentsRequired="true" note="message.returnException">
				<subReason name="Reject"/>
			</reason>
			<reason name="Rescan" commentsRequired="false" note="message.rescan">
			</reason>
			<reason name="Restart" commentsRequired="false" note="message.restart">
			</reason>
			<reason name="Vendor Maintenance" commentsRequired="false" note="message.sendToVendorMaintenance">
			</reason>

		</rejectionReasons>
	</documentRejection>

	<validations>
		<validation name="validation.duplicateInvoiceCheck" messageType="warning" note="message.duplicateW9InvoiceValidation"/>
		<validation name="validation.validVendor" note="message.validVendorValidation"/>
		<!-- Custom Validations -->
		<validation name="validation.invoiceDateInFuture"/> 
		<validation name="validation.vendorRemitToBlockedValidation"/>
	</validations>
</view>
