<?xml version="1.0" encoding="UTF-8"?>
<view name="nonpo-indexing-cor-view" template="nonpo-index-cor-tpl.xml" xmlns:xsi="http://www.w3.org/2001/XMLSchema-instance" xsi:noNamespaceSchemaLocation="http://managedpay.net/schemas/view.xsd">


<labels default="en">
		<locale name="en">
			<label name="forward" value="Complete"/>
		</locale>
</labels>
	
<section-overrides>	
			<section name="lineItems" collapsed="false"/>
</section-overrides>

	<property-overrides>
		<currency name="grossAmount" readonly="true"/>
		<currency name="taxAmount2" readonly="true"/>
		<currency name="taxAmount1" readonly="false"/>
		<text name="routingCode" readonly="true"/>
		<text name="department" readonly="true"/>
		<text name="scanVendorAddress2" defaultValue="NET 1 DAY" forceDefault="true" readonly="true"/>
	</property-overrides>

	<lineItem-overrides>

	</lineItem-overrides>

	<action-overrides>
		<iconAction name="editRouting" visible="false"/>
		<iconAction name="postings" visible="true"/>
	</action-overrides>

	<hidden-overrides>
		<hidden name="processInformation.response" defaultValue="Complete"/>
		<hidden name="paymentTermId" defaultValue="112" forceDefault="true" readonly="true"/>
	</hidden-overrides>

	 <documentRejection>
		<rejectionReasons>
			<reason name="Reject" commentsRequired="true" note="message.returnException">
				<subReason name="Duplicate invoice"/>
				<subReason name="Incomplete Documentation"/>
				<subReason name="Other"/>
			</reason>
			<reason name="Rescan" commentsRequired="true" note="message.rescan">
			</reason>
		</rejectionReasons>
	</documentRejection>

	<validations>
		<validation name="validation.duplicateInvoiceCheck" messageType="warning" note="message.duplicateInvoiceValidation"/>
		<validation name="validation.validVendor" messageType="warning" note="message.validVendorValidation"/>
		<validation name="validation.lineItemAmount"/>
		<validation name="validation.capex"/>
		<validation name="validation.facilities" messageType="warning"/>	
		<validation name="validation.accountCode" />
		<validation name="validation.duedate.check" />
		<validation name="validation.validPaymentTerm"/>
		<!--validation name="validation.vendortype.check"/-->		
	</validations>

</view>