<?xml version="1.0" encoding="UTF-8"?>
<view name="nonpo-cleared-view" template="nonpo-discount-tpl.xml" xmlns:xsi="http://www.w3.org/2001/XMLSchema-instance" xsi:noNamespaceSchemaLocation="http://managedpay.net/schemas/view.xsd">

<labels default="en">
		<locale name="en">
		</locale>
	</labels>
	
	<property-overrides>
		<date name="dueDate" readonly="true" />
	</property-overrides>
	
	<action-overrides>
		<iconAction name="rejectButtom" visible="false" />
	</action-overrides>

	
	<hidden-overrides>
		<hidden name="processInformation.response" defaultValue="Complete"/>
	</hidden-overrides>

	<documentRejection>
		<rejectionReasons>
			<reason name="Reject" commentsRequired="true" note="message.earlyPayment">
			</reason>
		</rejectionReasons>
	</documentRejection>
</view>
