<?xml version="1.0" encoding="UTF-8"?>
<view name="nonpo-facilities-view" template="nonpo-tpl.xml" xmlns:xsi="http://www.w3.org/2001/XMLSchema-instance" xsi:noNamespaceSchemaLocation="http://managedpay.net/schemas/view.xsd">

	<labels default="en">
		<locale name="en">
			<label name="forward" value="Complete"/>
		</locale>
	</labels>

	<section-overrides>
		<section name="vendorDetails" visible="false"/>
		<section name="lineItems" visible="true" />
		<section name="New Vendor Details" visible="true"/>
	</section-overrides>
	
	<property-overrides>
		<lookup name="vendorId" readonly="true" validation=""/>
		<dropDown name="type" readonly="true"/>	
		<dropDown name="subType" readonly="true"/>	
		<lookup name="vendor.name" readonly="true" />
		<lookup name="paymentTermId" readonly="true" />
		<text name="number" readonly="true" />
		<date name="date" readonly="true" />
		<date name="dueDate" validation=""/>
		<currency name="grossAmount" readonly="true"/>
		<currency name="freightAmount1" readonly="true" />
		<currency name="taxAmount1" readonly="true" />
		<currency name="taxAmount2" readonly="true" />
		<text name="voucherComments" readonly="true" />
		<text name="tbdString2" readonly="true" />
		<text name="routingCode" readonly="true" />
		<text name="scanAmount" readonly="true" />
		<currency name="specialHandlingCode" readonly="true" />
		<currency name="paymentTypeId" readonly="true" />
		<text name="tbdBoolean1" readonly="true" />
		<text name="tbdString3" readonly="true" />	
		<text name="checkStubMessage" readonly="false" />
		<text name="scanVendorAddress2" readonly="true" />
		<text name="custom2.name" readonly="true"/>
		<text name="custom2.address1" readonly="true"/>
		<text name="custom2.address2" readonly="true"/>
		<text name="custom2.address3" readonly="true"/>
		<text name="custom2.city" readonly="true"/>
		<text name="custom2.state" readonly="true"/>
		<text name="custom2.postalCode" readonly="true"/>
		<text name="custom2.rmtName" readonly="true"/>
		<text name="custom2.rmtAddress1" readonly="true"/>
		<text name="custom2.rmtCity" readonly="true"/>
		<text name="custom2.rmtState" readonly="true"/>
		<text name="custom2.rmtPostalCode" readonly="true"/>
	</property-overrides>

	<action-overrides>
		<iconAction name="editRouting" readonly="true"/>
		<iconAction name="postings" visible="true"/>
		<button name="addLineItem" readonly="true" visible="false"/>
		<button name="removeLineItem" readonly="true" visible="false"/>	
		<rejectButton name="reject" readonly="true" visible="false"/>	
	</action-overrides>
	
	<lineItem-overrides>
		<text name="accountCode" readonly="true" validation=""/>
		<currency name="lineTotal" readonly="true" validation=""/>
		<text name="tbdString1" readonly="true" validation=""/>
	</lineItem-overrides>
	
	<hidden-overrides>
		<hidden name="processInformation.response" defaultValue="Complete"/>
	</hidden-overrides>

	<documentRejection>
		<rejectionReasons>
			<reason name="Reject" commentsRequired="true" note="message.returnException">
			</reason>
			<reason name="Return To Approver" commentsRequired="true" note="message.returnApprover">
			</reason>
		</rejectionReasons>
	</documentRejection>
	
	<validations>
		
	</validations>
</view>
