<?xml version="1.0" encoding="UTF-8"?>
<view name="nonpo-exception-view" template="nonpo-voucher-tpl.xml" xmlns:xsi="http://www.w3.org/2001/XMLSchema-instance" xsi:noNamespaceSchemaLocation="http://managedpay.net/schemas/view.xsd">

	<labels default="en">
		<locale name="en">
			<label name="forward" value="Complete"/>
		</locale>
	</labels>

	<section-overrides>	
			<section name="lineItems" collapsed="false"/>
	</section-overrides>

	<property-overrides>
			<currency name="taxAmount2" readonly="true"/>
			<text name="custom2.name" defaultValue="" forceDefault="true"/>
	<text name="custom2.address1" defaultValue="" forceDefault="true"/>
	<text name="custom2.city" defaultValue="" forceDefault="true"/>
	<text name="custom2.state" defaultValue="" forceDefault="true"/>
	<text name="custom2.postalCode" defaultValue="" forceDefault="true"/>
	<text name="custom2.address2" defaultValue="" forceDefault="true"/>
	<text name="custom2.address3" defaultValue="" forceDefault="true"/>
	<text name="custom2.rmtName" defaultValue="" forceDefault="true"/>
	<text name="custom2.rmtAddress1" defaultValue="" forceDefault="true"/>
	<text name="custom2.rmtCity" defaultValue="" forceDefault="true"/>
	<text name="custom2.rmtState" defaultValue="" forceDefault="true"/>
	<text name="custom2.rmtPostalCode" defaultValue="" forceDefault="true"/>
	</property-overrides>

	<lineItem-overrides>
			 
	</lineItem-overrides>

	<action-overrides>
		<iconAction name="postings" visible="true"/>
		<button name="release" visible="false"/>
	</action-overrides>

	<hidden-overrides>
		<hidden name="processInformation.response" defaultValue="Complete"/>
		<!--<hidden name="taxAmount2"/>-->
	</hidden-overrides>

	 <documentRejection>
		<rejectionReasons>
			<reason name="Terminate" commentsRequired="true" note="message.terminate">
			</reason>
		</rejectionReasons>
	</documentRejection>

	<validations>
		<validation name="validation.validVendor" messageType="warning" note="message.validVendorValidation"/>
		<validation name="validation.facilities" messageType="warning"/>
		<validation name="validation.capex"/>
		<validation name="validation.lineItemAmount"/>
		<validation name="validation.accountCode"/>
		<!--validation name="validation.vendortype.check"/-->
	</validations>
</view>
