<?xml version="1.0" encoding="UTF-8"?>
<view name="po-exception-view" template="po-tpl.xml" xmlns:xsi="http://www.w3.org/2001/XMLSchema-instance">

	<labels default="en">
		<locale name="en">
			<label name="forward" value="Complete"/>
		</locale>
	</labels>

	<section-overrides>

			
	</section-overrides>

	<property-overrides>
	<lookup name="vendorId" readonly="true"/>
	<dropDown name="companyCode" readonly="false" validation="required"/>
	<currency name="grossAmount" readonly="true"/>
	<dropDown name="type" readonly="true"/>
	<dropDown name="subType" readonly="true"/>
	<text name="number" readonly="true"/>
	<text name="poId" readonly="true"/>
	<currency name="freightAmount1" readonly="true"/>
	<currency name="freightAmount2" readonly="true"/>
	<currency name="tbdCurrency1" readonly="true"/>
	<text name="scanVendorAddress2" readonly="true"/>
	<date name="dueDate" readonly="false" required="true"/>
	<date name="date" readonly="true"/>
	</property-overrides>

	<lineItem-overrides>
		
	</lineItem-overrides>

	<action-overrides>
		<iconAction name="postings" visible="true"/>
	</action-overrides>

	<hidden-overrides>
		<hidden name="processInformation.response" defaultValue="Complete"/>
	</hidden-overrides>

	 <documentRejection>
		<rejectionReasons>
			<reason name="Reject" commentsRequired="true" note="message.terminate">
			</reason>
		</rejectionReasons>
	</documentRejection>

	<validations>
		<validation name="validation.duplicateInvoiceCheck" messageType="warning" note="message.duplicateInvoiceValidation"/>
		<validation name="validation.validVendor" messageType="warning" note="message.validVendorValidation"/>
		<!--validation name="validation.vendortype.check"/-->
		<validation name="validation.validPONumber2"/>
		<validation name="validation.validPaymentTerm"/>
	</validations>
</view>
