<?xml version="1.0" encoding="UTF-8"?>
<view name="po-vm-view" template="po-tpl.xml" xmlns:xsi="http://www.w3.org/2001/XMLSchema-instance" xsi:noNamespaceSchemaLocation="http://managedpay.net/schemas/view.xsd">

                <labels default="en">
                                <locale name="en">
                                                <label name="forward" value="Complete"/>
                                </locale>
                </labels>

                <section-overrides>
                                <section name="vendorDetails" visible="true" collapsed="false"/>         
                                <section name="lineItems" visible="true" collapsed="false"/>  
                </section-overrides>
                                
                <property-overrides>
                                <dropDown name="specialHandlingCode" readonly="true" />
                                <currency name="taxAmount2" readonly="true" validation=""/>
                                <dropDown name="checkStubMessage" readonly="true" />
                                <text name="voucherComments" readonly="true" />
                                <dropDown name="type" readonly="true" validation="" />
                                <dropDown name="subType" readonly="true" validation=""/> 
                                <text name="poId" readonly="true" validation=""/>
                                <text name="number" readonly="true"/>
                                <date name="date" readonly="true"/>
                                <lookup name="vendor.name" readonly="true"/>
                                <text name="scanVendorAddress2" readonly="true"/>
                                <currency name="grossAmount" readonly="true"/>
                                <currency name="freightAmount1" readonly="true"/>
                                <currency name="freightAmount2" readonly="true"/>
                                <currency name="tbdCurrency1" readonly="true"/>
                                <dropDown name="paymentTypeId" readonly="true"/>
								<dropDown name="paymentTermId" readonly="true"/>
                </property-overrides>

                <action-overrides>
                                <iconAction name="editRouting" visible="false"/>
                                <button name="addLineItem" readonly="true" visible="false"/>
                                <button name="removeLineItem" readonly="true" visible="false"/>
                                <button name="update" visible="false"/>                           
                </action-overrides>
                
                <lineItem-overrides>
                                <lookup name="accountCode" readonly="true"/>
                                <currency name="lineTotal" readonly="true"/>
                </lineItem-overrides>
                
                <hidden-overrides>
                                <hidden name="processInformation.response" defaultValue="Complete"/>
                </hidden-overrides>

                <documentRejection>
                                <rejectionReasons>
                                                <reason name="Reject" commentsRequired="true" note="message.terminate">
                                                </reason>
                                </rejectionReasons>
                </documentRejection>
                
                <validations>
                
                </validations>
</view>
