<?xml version="1.0" encoding="UTF-8"?>
<view name="po-readonly-view" template="po-posting-tpl.xml" readonly="true" xmlns:xsi="http://www.w3.org/2001/XMLSchema-instance" xsi:noNamespaceSchemaLocation="http://managedpay.net/schemas/view.xsd">

    <section-overrides>
	    <section name="doc" visible="true"/>
	</section-overrides>

	<property-overrides>
	</property-overrides>

	<action-overrides>
        <getNext name="next" readonly="true" visible="false"/>
        <rejectButton name="reject" readonly="true" visible="false"/>
	    <button name="forward" readonly="true" visible="false"/>
	    <button name="update" readonly="true" visible="false"/>
	    <button name="release" readonly="true" visible="false"/>
        <iconAction name="editRouting" visible="false"/>
		<iconAction name="email" visible="false"/>
	</action-overrides>

	<lineItem-overrides>
	</lineItem-overrides>

</view>
