<?xml version="1.0" encoding="UTF-8"?>
<view name="po-supervisor-view" template="po-supervisor-tpl.xml" xmlns:xsi="http://www.w3.org/2001/XMLSchema-instance" xsi:noNamespaceSchemaLocation="http://managedpay.net/schemas/view.xsd">

   
	<labels default="en">
		<locale name="en">
			<label name="forward" value="Complete"/>
		</locale>
	</labels>
	
	<section-overrides>
	<section name="lineItems" visible="true" collapsed="false"/>
	</section-overrides>
	
	<property-overrides>
		<textArea   name="processInformation.comment" readonly="true"/>
		<date name="date" readonly="true" validation="" />
		<dropDown name="paymentType.tbdString1" readonly="true" validation=""/>
		<dropDown name="specialHandlingCode" readonly="true" />
		<dropDown name="subType" readonly="true" validation="" />
		<dropDown name="type" readonly="true" validation="" />
		<text name="scanVendorAddress2" readonly="true" />
		<dynamicDropDown name="paymentTypeId" readonly="true" validation="" />
		<poNumber name="poId" readonly="true" validation="" />
		<text name="checkStubMessage" readonly="true"/><!--check description-->
		<text name="voucherComments" readonly="true" />
		<text name="alternatevendor" readonly="true" />
		<text name="number" readonly="true" />
		<currency name="freightAmount1" readonly="true" />
		<currency name="freightAmount2" readonly="true" />
		<currency name="tbdCurrency1" readonly="true" />
		<currency name="grossAmount" readonly="true" />
	</property-overrides>
	
	<lineItem-overrides>
		<text name="accountCode" readonly="true" validation=""/>
		<currency name="lineTotal" readonly="true" validation=""/>
	</lineItem-overrides>

	<action-overrides>
		
		<button name="Complete" readonly="true" visible="false"/>
		<iconAction name="editRouting" readonly="true" visible="false"/>
		<button name="addLineItem" readonly="true" visible="false"/>
		<button name="removeLineItem" readonly="true" visible="false"/>
	</action-overrides>

	<hidden-overrides>
		<hidden name="processInformation.response" defaultValue="Complete"/>
		<hidden name="paymentTermId" validation="" />
	</hidden-overrides>

	<documentRejection>
	<rejectionReasons>
			<reason name="Reject" commentsRequired="true" note="message.terminate">
			</reason>
	</rejectionReasons>
	</documentRejection>
				
	<validations>
		<validation name="validation.lineItemAmount"/>
		<validation name="validation.facilities" messageType="warning"/>
		<validation name="validation.accountCode" />
	</validations>
</view>
