<!-- Trade Invoice xml-->
<section name="invoiceDetails" visible="true" collapsible="true" collapsed="false">
		<properties>
			<text row="1" col="1" name="poId" readonly="true"/>
			<text row="1" col="2" name="tbdBoolean1" readonly="true"/>
			<lookup row="2" col="1" name="vendor.name" lookupType="lookup.vendorCode" readonly="false" styleClass="fulllookup"/>
			<lookup row="2" col="2" name="vendorId" lookupType="lookup.vendorCode" readonly="false" validation="required"/>
			<lookup row="3" col="1" name="businessUnit/routingCode" lookupType="lookup.costObject1" readonly="false" styleClass="onehundredpercent"/>
			<text row="3" col="2" name="tbdString1" providerClass="com.miriasystems.ui.providers.PaymentTypeChoiceListProvider" validation="required"/>
			<currency row="4" col="1" name="freightAmount1" readonly="false" validation="decimal" styleClass="currency"/>
			<currency row="4" col="2" name="freightAmount2" readonly="false" validation="decimal" styleClass="currency"/>
			<currency row="5" col="1" name="taxAmount2" readonly="false" validation="decimal" styleClass="currency"/>
			<currency row="5" col="2" name="taxAmount1" readonly="false" validation="decimal" styleClass="currency"/>
			<currency row="6" col="1" name="tbdCurrency1" readonly="false" validation="decimal" styleClass="currency"/>
			<currency row="6" col="2" name="tbdCurrency2" readonly="false" validation="decimal" styleClass="currency"/>
			<currency row="7" col="1" name="grossAmount" validation="required, nonZero" styleClass="currency"/>
			<currency row="7" col="2" name="discountAmount" readonly="true" styleClass="currency"/>
			<dynamicDropDown row="8" col="1" name="paymentTermId" providerClass="com.miriasystems.ui.providers.PaymentTermChoiceListProvider" validation="required" onChange="reloadPage(this)" />
			<date row="8" col="2" readonly="true" name="dueDate" styleClass="date" validation="required"/>
			<lookup row="9" col="1" name="paymentterms.daysDue" lookupType="lookup.vendorCode" readonly="true" validation="required"/>
			<!--THIS LINE DOES NOT WORK currency row="9" col="2" name="paymentterms.discount1Treadonly="false" validation="decimal" styleClass="currency"/-->
		</properties>
	</section>