<?xml version="1.0" encoding="UTF-8"?>
<view name="po-supervisor-view" template="ug-procurement-tpl.xml" xmlns:xsi="http://www.w3.org/2001/XMLSchema-instance" xsi:noNamespaceSchemaLocation="http://managedpay.net/schemas/view.xsd">

   
	<labels default="en">
		<locale name="en">
			<label name="forward" value="Approve"/>
			<label name="invoice" value="Requisition Approval"/>
		</locale>
	</labels>
	
	<section-overrides>
	<section name="lineItems" visible="true" collapsed="false"/>
	</section-overrides>
	
	<property-overrides>
		<lookup name="vendorId" readonly="false" validation=""/>
		<dropDown name="type" readonly="true"/>	
		<dropDown name="subType" readonly="true"/>	
		<lookup name="vendor.name" readonly="false" />
		<text name="number" readonly="true" />
		<date name="date" readonly="true" />
		<date name="dueDate" readonly="true"/>
		<currency name="grossAmount" readonly="false"/>
		<currency name="freightAmount1" readonly="true" />
		<currency name="taxAmount1" readonly="true" />
		<currency name="taxAmount2" readonly="true" />
		<text name="voucherComments" readonly="false" />
		<text name="tbdString2" readonly="true" />
		<text name="routingCode" readonly="true" />
		<text name="scanAmount" readonly="true" />
		<text name="tbdBoolean1" readonly="true" />
		<text name="paymentTypeId" readonly="true" />
		<text name="checkStubMessage" readonly="false"/>
		<text name="scanVendorAddress2" readonly="true" />
		<text name="tbdString1" readonly="true"/>
		<text name="tbdString2" readonly="true"/>
		<text name="companyCode" readonly="true"/>
		<text name="requestorNaae" readonly="true"/>
		<text name="duedate" readonly="true"/>
		<text name="specialHandlingCode" readonly="true" />
		<text name="requesterName" readonly="true" />
			
		
		<!--  Purchasing  -->
		<text name="grossAmount" readonly="false"/>
		<text name="tbdDate1" readonly="false"/>
		<text name="originatorName" readonly="false"/>
		<text name="tbdDate2" readonly="false"/>
		<text name="vendor.name" readonly="false"/>
		<text name="poId" readonly="false"/>
		
		<!--  Approvals  -->
		<text name="buyerId" readonly="false" />
		<text name="receiveDate" readonly="false"/>
		<text name="scanSource"  readonly="false" />
		<date name="baselineDate" readonly="false" />
				
	</property-overrides>
	
	<lineItem-overrides>
		<text name="accountCode" readonly="true" validation=""/>
		<currency name="lineTotal" readonly="true" validation=""/>
	</lineItem-overrides>

	<action-overrides>
		
		<button name="Complete" readonly="true" visible="false"/>
		<iconAction name="editRouting" readonly="true" visible="false"/>
		<button name="addLineItem" readonly="true" visible="false"/>
		<button name="removeLineItem" readonly="true" visible="false"/>
	</action-overrides>

	<hidden-overrides>
		<hidden name="processInformation.response" defaultValue="Complete"/>
		<hidden name="paymentTermId" validation="" />
	</hidden-overrides>

	<documentRejection>
	<rejectionReasons>
			<reason name="Reject" commentsRequired="true" note="message.procurement">
			</reason>
	</rejectionReasons>
	</documentRejection>
				
	<validations>
		<!--validation name="validation.lineItemAmount"/>
		<validation name="validation.facilities" messageType="warning"/>
		<validation name="validation.accountCode" /-->
	</validations>
</view>
