<?xml version="1.0" encoding="UTF-8"?>
<propertyTemplate xmlns:xsi="http://www.w3.org/2001/XMLSchema-instance">
        
    <labels>
	<!-- Label overrides for this template -->
	<locale name="en">
		<label name="grossAmount" value ="Gross Amount"/>
		<label name="tbdString1" value ="EXT"/>
		<label name="tbdString2" value ="Req Office"/>
		<label name="companyCode" value ="Charge to Cost Center"/>
		<label name="specialHandlingCode" value ="Ship Address"/>
		<label name="requesterName" value ="Requested by"/>
		<label name="approvals" value ="Approvals"/>
		<label name="invoiceDetails" value ="Purchasing Office use only"/>
		<label name="scanSource" value="Treasurer/CFO"/>
		<label name="baselineDate" value="Date"/>
		<label name="receiveDate" value="Date"/>
		<label name="buyerName" value="Office manager/Supervisor"/>
		<label name="grossAmount" value="Est. Total Cost"/>
		<label name="tbdDate1" value="Est. Delivery Date"/>
		<label name="vendor.name" value="Preferred Vendor"/>
		<label name="tbdDate2" value="Buyer Date"/>
		<label name="quantity" value="Quantity"/>
		<label name="partNumber" value="Unit"/>
		<label name="itemDescription" value="Item Description"/>
		<label name="unitPrice" value="Unit/Service Cost"/>
		<label name="lineTotal" value="Extended Cost"/>
		<label name="originatorName" value="PO Issued To"/>
		<label name="lineItems" value="Item Details"/>
		<label name="image" value="Image Window"/>
		
	</locale>
	</labels>

	
	<section name="purchasereq" visible="true" collapsible="false" collapsed="false">
		<properties>
		<date row="1" col="1" name="date" readonly="false" validation="required" styleClass="date"/>
		<lookup row="1" col="2" name="requesterName" lookupType="lookup.delegate" readonly="false" validation="required"/>
		<text row="1" col="3" name="tbdString1" readonly="false"/>
		<text row="2" col="1" name="tbdString2" validation="noSpecialCharacters"/>
		<text row="2" col="2" name="companyCode" validation="noSpecialCharacters"/>
		<date row="2" col="3" name="dueDate" readonly="false" validation="required" styleClass="date"/>
        <textArea row="3" col="1-3" name="specialHandlingCode"  styleClass="comment"/>
		</properties>
		<actions>
			<iconAction name="image" icon="/images/image-window.png" width="16" height="16" link="javascript:parent.openImage()" alwaysActive="true"/>
			<button name="update" command="update" readonly="false" visible="true" type="submit"/>
			<button name="release" command="release" readonly="false" visible="true" type="submit"/>
			<button name="forward" command="forward" readonly="false" type="submit" isAnchored="false"/>
			<rejectButton name="reject" readonly="false" isAnchored="false"/>
			<iconAction name="selectApprovers" icon="/images/ico_routing.gif" width="16" height="16" readOnlyLink="javascript:openViewRoutingWindow('$contextPath$', '$wobNumber$', 'nonPo')" link="javascript:openUploadRoutingWindow('/ManagedPay/custom', 'routing/upload.action','nonPo')" alwaysActive="true" readonly="false"/>
			<iconAction name="print" icon="/images/ico_search.gif" width="16" height="16" link="javascript:window.print()" visible="false" alwaysActive="true"/>
			<iconAction name="statusWindow" icon="/images/ico_status.gif" width="16" height="16" link="javascript:openStatusWindow('$seqId$', '$contextPath$');return false;" alwaysActive="true"/>
			<iconAction name="help" icon="/images/ico_help.gif" width="16" height="16" link="javascript:openHelp('User_Interfaces/Working_with_Invoices.htm', '$contextPath$')" alwaysActive="true"/>
		</actions>
	</section>
	
		<section name="lineItems" visible="true" collapsible="true" collapsed="false">
		<lineItemProperties showTotal="true" showTaxTotal="false">
			<text row="1" col="1" name="quantity" readonly="false" validation="decimal" styleClass="five"/>
			<text row="1" col="2" name="partNumber" readonly="false" styleClass="onehundred"/><!--part desc-->	
			<text row="1" col="3" name="itemDescription" readonly="false" styleClass="onefifty"/><!--part desc-->
			<currency row="1" col="4" name="unitPrice" readonly="false" styleClass="seven"/><!--unit price-->
			<currency row="1" col="5" name="lineTotal" readonly="false" validation="positiveDecimal" styleClass="seven"/><!--amount-->
		</lineItemProperties>
		<actions>
			<!-- The following set of actions are standard ManagedPay and should be included relatively unmodified from the baseline version in most templates -->
			<button name="addLineItem" command="addLineItem" type="submit" isAnchored="true" allowTabIndex="true" hotKey="a"/>
			<button name="removeLineItem" command="deleteLineItem" type="submit" isAnchored="true" hotKey="d"/>
		</actions>
	</section>
	
			<section name="invoiceDetails" visible="true" collapsible="true" collapsed="false">
		<properties>
			<currency row="1" col="1" name="grossAmount"/>
			<date row="1" col="2" name="tbdDate1" styleClass="date"/>
			<lookup row="1" col="3" name="vendor.name" lookupType="lookup.vendorCode" readonly="false"/>
			<date row="1" col="4" name="tbdDate2" styleClass="date"/>
			<lookup row="2" col="1-2" name="originatorName" lookupType="lookup.delegate" readonly="false"/>
			<text row="2" col="3" name="poId"/>
		</properties>
	</section>
		<section name="approvals" visible="true" collapsible="true" collapsed="false">
		<properties>
			<text row="1" col="1" name="buyerId"/>
			<date row="1" col="2" name="receiveDate" styleClass="date"/>
			<text row="2" col="1" name="scanSource"/>
			<date row="2" col="2" name="baselineDate" styleClass="date"/>
		</properties>
	</section>
	

		
	<hiddenFields>
		<hidden name="postingERPId" defaultValue="JDA"/>
		<hidden name="vendorERPId"  defaultValue="JDA"/>
        <hidden name="newBatchNumber"/>
        <hidden name="paymentTermERPId"  defaultValue="JDA"/>
		<hidden name="paymentTypeERPId"  defaultValue="JDA"/>
        <hidden name="vendor.status" defaultValue="V"/>
		<hidden name="uploadRef"/>
		<hidden name="originatorId"/>
		<hidden name="requesterId"/>
		<!--hidden name="buyerId"/-->
		<!--hidden name="originatorId"/-->
		<hidden name="vendorId"/>
		<!--hidden name="scanSource" defaultValue="Direct Entry" forceDefault="true"/-->
		<hidden name="scanType" defaultValue="Trade" forceDefault="true"/>
		<hidden name="requester.userName"/>
		<hidden name="alternatevendor" defaultValue="false" forceDefault="true"/>
		<hidden name="AFENumber" defaultValue="1" forceDefault="true"/>
		<hidden name="custom1.tbdComment1" defaultValue="1." forceDefault="true" readonly="true"/>
		<hidden name="subType" defaultValue="INV" forceDefault="true"/>
		<hidden name="type" defaultValue="UG" forceDefault="true"/>
     </hiddenFields>

	<processors>
		<processor name="com.miriasystems.processors.NetAmountNoDiscountProcessor"/>
		<processor name="com.miriasystems.processors.TotalLineAmountProcessor"/>
		<processor name="com.custom.processors.DueDateProcessor"/>
		<processor name="com.miriasystems.processors.LineItemUnitPriceCalculator"/>
    </processors>
</propertyTemplate>
