<?xml version="1.0" encoding="UTF-8"?>
<view name="all-dropped-view" template="all-dropped-tpl.xml" xmlns:xsi="http://www.w3.org/2001/XMLSchema-instance" xsi:noNamespaceSchemaLocation="http://managedpay.net/schemas/view.xsd">

    <labels default="en">
        <locale name="en">
            <label name="forward" value="Terminate"/>
			<label name="Reject" value="Exception"/>
			<label name="Index" value="Send to Indexing"/>
        </locale>
    </labels>

    <hidden-overrides>
        <hidden name="processInformation.response" defaultValue="Complete"/>
    </hidden-overrides>

     <documentRejection>
			<rejectionReasons>
			<reason name="Reject" commentsRequired="false" note="message.returnException">
			</reason>
	        <reason name="Index" commentsRequired="false" note="message.returnIndex">
            </reason>
			</rejectionReasons>
    </documentRejection>
	
	<validations>
		<validation name="validation.validVendor"/>
	</validations>
</view>
