<?xml version="1.0" encoding="UTF-8"?>
<view name="check-readonly-view" template="check-tpl.xml" xmlns:xsi="http://www.w3.org/2001/XMLSchema-instance" xsi:noNamespaceSchemaLocation="http://managedpay.net/schemas/view.xsd" readonly="true">
		
	<action-overrides>
	</action-overrides>
		
	<hidden-overrides>
		<hidden name="processInformation.response" defaultValue="Complete"/>
	</hidden-overrides>

	<documentRejection>
	
	</documentRejection>

	<validations>
		
	</validations>
</view>