<?xml version="1.0" encoding="UTF-8"?>
<view name="IT-review-view" template="IT-tpl.xml" xmlns:xsi="http://www.w3.org/2001/XMLSchema-instance" xsi:noNamespaceSchemaLocation="http://managedpay.net/schemas/view.xsd">

	<labels default="en">
		<locale name="en">
			<label name="forward" value="Complete"/>
			<label name="Reject" value="Exception"/>
			<label name="Dropped" value="Dropped"/>
			<label name="Awaiting" value="Awaiting Receipts"/>
		</locale>
	</labels>

	<section-overrides>	

	</section-overrides>

	<property-overrides>

	</property-overrides>

	<lineItem-overrides>
			 
	</lineItem-overrides>

	<action-overrides>
		
	</action-overrides>

	<hidden-overrides>
			<hidden name="processInformation.response" defaultValue="Complete"/>		
	</hidden-overrides>

	 <documentRejection>
		<rejectionReasons>
			<reason name="Reject" commentsRequired="false" note="message.returnException"> <!-- Exception-->
			</reason>
			<reason name="Rescan" commentsRequired="false" note="message.rescan">
			</reason>
			<reason name="Vendor Maintenance" commentsRequired="false" note="message.returnVendorMaintenance">
			</reason>
			<reason name="Hold" commentsRequired="false" note="message.hold">
			</reason>
			<reason name="Dropped" commentsRequired="false" note="message.dropped">
			</reason>
			<reason name="Workflow Complete" commentsRequired="false" note="message.workflowComplete">
			</reason>
		</rejectionReasons>
	</documentRejection>

	<validations>
		<validation name="validation.duplicateInvoiceCheck" messageType="warning" note="message.duplicateInvoiceValidation"/>
		<validation name="validation.validVendor" messageType="warning" note="message.validVendorValidation"/>
		<!--validation name="validation.validNetAmount"/-->
		<!--validation name="validation.validPaymentTerm"/-->
		<!--validation name="validation.vendortype.check"/-->
		<validation name="validation.lineItemAmount"/>
		<validation name="validation.propertyLevelValidationForLineItems"/>
		<!--<validation name="validation.accountCode"/>-->
		<!--validation name="validation.accountCode" note="message.accountCode"/-->

	</validations>
</view>
