<?xml version="1.0" encoding="UTF-8"?>
<view name="nonpo-posting-view" template="nonpo-readpost-tpl.xml" xmlns:xsi="http://www.w3.org/2001/XMLSchema-instance" xsi:noNamespaceSchemaLocation="http://managedpay.net/schemas/view.xsd" readonly="false">
		
	<labels default="en">
		<locale name="en">
			<label name="forward" value="Complete"/>
		</locale>
	</labels>
	
	<action-overrides>
		<rejectButton name="reject" command="reject" readonly="true" visible="false" type="submit"/>
		<button name="forward" command="forward" readonly="false" type="submit" isAnchored="false"/>
		<button name="update" command="updateRelease" readonly="true" visible="false" type="submit"/>
		<button name="release" command="release" readonly="false" visible="true" type="submit"/>
		<iconAction name="addLineItem" readonly="true" visible="false"/>
		<iconAction name="removeLineItem" readonly="true" visible="false"/>
		
		<iconAction name="RemoveAllItems" readonly="true" visible="false" />
		<iconAction name="RemoveMarkedItems" readonly="true" visible="false"/>
		<iconAction name="RemoveUnMarkedItems" readonly="true" visible="false"/>
		<iconAction name="selectTemplate" readonly="true" visible="false"/>
		<dropDown name="lineitemsdropdown" choiceList="choice.lineitemsdropdown" readonly="true" visible="false"/>
	</action-overrides>
		
	<hidden-overrides>
		<hidden name="processInformation.response" defaultValue="Complete"/>
	</hidden-overrides>

	<documentRejection>
	
	</documentRejection>

	<validations>
		<validation name="validation.accountCode"/>
	</validations>
</view>