<?xml version="1.0" encoding="UTF-8"?>
<view name="po-freightvos-indexing-view" template="po-upgrade-tpl.xml" xmlns:xsi="http://www.w3.org/2001/XMLSchema-instance">

	<labels default="en">
		<locale name="en">
			<label name="forward" value="Terminate"/>
			<label name="Reject" value="Exception"/>
			<label name="Index" value="Send to Indexing"/>
		
			<!--<label name="forward" value="Complete"/>
			<label name="Dropped" value="Dropped"/>
			<label name="Awaiting" value="Awaiting Receipts"/>
			<label name="Exception" value="Exception"/>
			<label name="Reject" value="Workflow Complete"/>
			<label name="EquipmentQueue" value="Send to Equipment Process"/>-->
		</locale>
	</labels>

	<section-overrides>	

	</section-overrides>

	<property-overrides>
			<text name="tbdNumber2" visable="false"/>
			<text name="number" readonly="true" />
			<date name="date" readonly="true" />
			<text name="tbdNumber1" readonly="true" />
			
			<text name="poId"  readonly="true"/>
			<checkbox name="tbdBoolean1" readonly="true"/>
			<text name="scanVendorName"  readonly="true"/>
			<text name="vendorId" readonly="true"/>
			<text name="tbdString2" readonly="true"/>
			<currency name="grossAmount" readonly="true"/>
			<date readonly="true" name="dueDate" styleClass="date" />
	</property-overrides>

	<lineItem-overrides>
			 
	</lineItem-overrides>

	<action-overrides>
		
	</action-overrides>

	<hidden-overrides>
	<hidden name="processInformation.response" defaultValue="Complete"/>	
	</hidden-overrides>

	 <documentRejection>
		<rejectionReasons>
			<reason name="Reject" commentsRequired="false" note="message.returnException">
            </reason>
            <reason name="Index" commentsRequired="false" note="message.returnIndex">
            </reason>
		
		
			<!--<reason name="Exception" commentsRequired="false" note="message.returnException"> 
			</reason>-->  <!-- Exception-->
			<!--<reason name="Rescan" commentsRequired="false" note="message.rescan">
			</reason>
			<reason name="Vendor Maintenance" commentsRequired="false" note="message.returnVendorMaintenance">
			</reason>
			<reason name="Hold" commentsRequired="false" note="message.hold">
			</reason>
			<reason name="Dropped" commentsRequired="false" note="message.dropped">
			</reason>
			<reason name="Duplicate" commentsRequired="false" note="message.duplicatereview">
			</reason>-->
		</rejectionReasons>
	</documentRejection>

	<validations>
		<validation name="validation.duplicateInvoiceCheck" messageType="warning" />
		<!--validation name="validation.validVendor" note="message.validVendorValidation"/-->
		<!--<validation name="validation.grossAmountValidation"/>-->
		<!--validation name="validation.validNetAmount"/-->
		<!--validation name="validation.validPaymentTerm"/-->
		<!--validation name="validation.vendortype.check"/-->
	</validations>
</view>
