<?xml version="1.0" encoding="UTF-8"?>
<view name="po-rollsource-indexing-view" template="po-rollsource-tpl.xml" xmlns:xsi="http://www.w3.org/2001/XMLSchema-instance">

	<labels default="en">
		<locale name="en">
			<label name="forward" value="Complete"/>
			<label name="Dropped" value="Dropped"/>
			<label name="Awaiting" value="Awaiting Receipts"/>
			<label name="Exception" value="Exception"/>
			<label name="Reject" value="Workflow Complete"/>
			<label name="EquipmentQueue" value="Send to Equipment Process"/>
		</locale>
	</labels>

	<section-overrides>	

	</section-overrides>

	<property-overrides>
			<lookup name="vendor.name" lookupType="lookup.vendorCode" readonly="false" validation="required" styleClass="fulllookup onehundredpercent"/>
			<invisibleLookup name="vendorId" lookupType="lookup.vendorCode" styleClass="twohundred" readonly="false" validation="required" inputReadonly="true"/>
			<text name="tbdNumber2" visable="false"/>
			<text  name="tbdNumber1" visable="false"/>
			<checkbox name="tbdBoolean1" visable="false" />
			<dropDown name="tbdString3" choiceList="choice.businessUnit" visable="false"/>
			<currency name="freightAmount1" visable="false"/>
			<currency name="freightAmount2" visable="false"/>
			<currency name="taxAmount2" visable="false"/>
			<currency name="taxAmount1" visable="false"/>
			<currency name="tbdCurrency1" visable="false"/>
			<currency  name="tbdCurrency2" visable="false"/>
			<currency name="discountAmount" styleClass="currency" visable="false"/>
			<dynamicDropDown name="paymentTermId" providerClass="com.miriasystems.ui.providers.PaymentTermChoiceListProvider" visable="false"/>
			<date name="dueDate" visable="false"/>
			<text name="paymentTerm.daysDue" visable="false"/>
			<text ame="paymentTerm.discount1" visable="false"/>
			<textArea row="10" col="1-2" name="voucherComments" styleClass="comment"/>

	</property-overrides>

	<lineItem-overrides>
			 
	</lineItem-overrides>

	<action-overrides>
		
	</action-overrides>

	<hidden-overrides>
	<hidden name="processInformation.response" defaultValue="Complete"/>	
	</hidden-overrides>

	 <documentRejection>
		<rejectionReasons>
			<reason name="Exception" commentsRequired="false" note="message.returnException"> <!-- Exception-->
			</reason>
			<reason name="Rescan" commentsRequired="false" note="message.rescan">
			</reason>
			<reason name="Vendor Maintenance" commentsRequired="false" note="message.returnVendorMaintenance">
			</reason>
			<reason name="Dropped" commentsRequired="false" note="message.dropped">
			</reason>
			<reason name="Duplicate" commentsRequired="false" note="message.duplicatereview">
			</reason>
		</rejectionReasons>
	</documentRejection>

	<validations>
		<validation name="validation.duplicateInvoiceCheck" messageType="warning" />
		<validation name="validation.validVendor" note="message.validVendorValidation"/>
	</validations>
</view>
