<?xml version="1.0" encoding="UTF-8"?>
<view name="tax-pending-view" template="tax-tpl.xml" xmlns:xsi="http://www.w3.org/2001/XMLSchema-instance" xsi:noNamespaceSchemaLocation="http://managedpay.net/schemas/view.xsd">

<labels default="en">
		<locale name="en">
		<label name="forward" value="Complete"/>
		</locale>
</labels>

<section-overrides>	
		
</section-overrides>

<property-overrides>

</property-overrides>

<hidden-overrides>
		<hidden name="processInformation.response" defaultValue="Complete"/>
</hidden-overrides>

<documentRejection>
		<rejectionReasons>
			<reason name="Rescan" commentsRequired="false" note="message.rescan">
			</reason>
		</rejectionReasons>
</documentRejection>

<validations>
     <validation name="validation.duedate.check"/>
</validations>

</view>


